Workbook

Sheet Monitor
A1: Long ETFs
A2: #VALUE! | I2: #VALUE! | Q2: #VALUE!
A3: Last Price | B3: Volume | C3: Average Volume | I3: Last Price | J3: Volume | K3: Average Volume | Q3: Last Price | R3: Volume | S3: Average Volume
A4: {=_FV(A2,"Price")} -> 17.67 | B4: {=_FV(A2,"Volume")} -> 4013078 | C4: ='BOIL & HNU'!F2 -> 10 days | D4: ='BOIL & HNU'!G2 -> 20 Days | E4: ='BOIL & HNU'!H2 -> 1 month | F4: ='BOIL & HNU'!I2 -> 3 months | G4: ='BOIL & HNU'!J2 -> 6 months | H4: ='BOIL & HNU'!K2 -> 1 year | I4: {=_FV(I2,"Price")} -> 13.23 | J4: {=_FV(I2,"Volume")} -> 331803 | K4: ='BOIL & HNU'!Z2 -> 10 days | L4: ='BOIL & HNU'!AA2 -> 20 Days | M4: ='BOIL & HNU'!AB2 -> 1 month | N4: ='BOIL & HNU'!AC2 -> 3 months | O4: ='BOIL & HNU'!AD2 -> 6 months | P4: ='BOIL & HNU'!AE2 -> 1 year | Q4: {=_FV(Q2,"Price")} -> 1.6918 | R4: {=_FV(Q2,"Volume")} -> 92898 | S4: ='3NGL & 3NGS'!F2 -> 10 Days | T4: ='3NGL & 3NGS'!G2 -> 20 Days | U4: ='3NGL & 3NGS'!H2 -> 1 month | V4: ='3NGL & 3NGS'!I2 -> 3 months | W4: ='3NGL & 3NGS'!J2 -> 6 months | X4: ='3NGL & 3NGS'!K2 -> 12 months
C5: ='BOIL & HNU'!F3 -> 16739657 | D5: ='BOIL & HNU'!G3 -> 14581698 | E5: ='BOIL & HNU'!H3 -> 13822368 | F5: ='BOIL & HNU'!I3 -> 12697801 | G5: ='BOIL & HNU'!J3 -> 9397136.3 | H5: ='BOIL & HNU'!K3 -> 6081848.9 | K5: ='BOIL & HNU'!Z3 -> 2913262.6 | L5: ='BOIL & HNU'!AA3 -> 2890699 | M5: ='BOIL & HNU'!AB3 -> 2743986.7 | N5: ='BOIL & HNU'!AC3 -> 2425096.3 | O5: ='BOIL & HNU'!AD3 -> 1872943.1 | P5: ='BOIL & HNU'!AE3 -> 1237155.4 | S5: ='3NGL & 3NGS'!F3 -> 536277.9 | T5: ='3NGL & 3NGS'!G3 -> 374621.05 | U5: ='3NGL & 3NGS'!H3 -> 348957.03 | V5: ='3NGL & 3NGS'!I3 -> 288221.66 | W5: ='3NGL & 3NGS'!J3 -> 199146.93 | X5: ='3NGL & 3NGS'!K3 -> 117639.96
A6: Maximum Volume Period | I6: Maximum Volume Period | Q6: Maximum Volume Period
A7: ='BOIL & HNU'!G26 -> 10 days | B7: ='BOIL & HNU'!H26 -> 20 days | C7: ='BOIL & HNU'!I26 -> 1 months | D7: ='BOIL & HNU'!J26 -> 2 months | E7: ='BOIL & HNU'!K26 -> 3 months | F7: ='BOIL & HNU'!L26 -> 6 months | G7: ='BOIL & HNU'!M26 -> 12 months | H7: ='BOIL & HNU'!N26 -> 24 months | I7: ='BOIL & HNU'!AA26 -> 10 days | J7: ='BOIL & HNU'!AB26 -> 20 days | K7: ='BOIL & HNU'!AC26 -> 1 months | L7: ='BOIL & HNU'!AD26 -> 2 months | M7: ='BOIL & HNU'!AE26 -> 3 months | N7: ='BOIL & HNU'!AF26 -> 6 months | O7: ='BOIL & HNU'!AG26 -> 12 months | P7: ='BOIL & HNU'!AH26 -> 24 Months | Q7: ='3NGL & 3NGS'!G27 -> 10 days | R7: ='3NGL & 3NGS'!H27 -> 20 days | S7: ='3NGL & 3NGS'!I27 -> 1 months | T7: ='3NGL & 3NGS'!J27 -> 2 months | U7: ='3NGL & 3NGS'!K27 -> 3 months | V7: ='3NGL & 3NGS'!L27 -> 6 months | W7: ='3NGL & 3NGS'!M27 -> 12 months | X7: ='3NGL & 3NGS'!N27 -> 24 Months
A8: ='BOIL & HNU'!G27 -> 46090 | B8: ='BOIL & HNU'!H27 -> 46090 | C8: ='BOIL & HNU'!I27 -> 46090 | D8: ='BOIL & HNU'!J27 -> 46042 | E8: ='BOIL & HNU'!K27 -> 46042 | F8: ='BOIL & HNU'!L27 -> 46042 | G8: ='BOIL & HNU'!M27 -> 46042 | H8: ='BOIL & HNU'!N27 -> 46042 | I8: ='BOIL & HNU'!AA27 -> 46090 | J8: ='BOIL & HNU'!AB27 -> 46084 | K8: ='BOIL & HNU'!AC27 -> 46084 | L8: ='BOIL & HNU'!AD27 -> 46041 | M8: ='BOIL & HNU'!AE27 -> 46041 | N8: ='BOIL & HNU'!AF27 -> 46041 | O8: ='BOIL & HNU'!AG27 -> 46041 | P8: ='BOIL & HNU'!AH27 -> 46041 | Q8: ='3NGL & 3NGS'!G28 -> 46090 | R8: ='3NGL & 3NGS'!H28 -> 46090 | S8: ='3NGL & 3NGS'!I28 -> 46090 | T8: ='3NGL & 3NGS'!J28 -> 46090 | U8: ='3NGL & 3NGS'!K28 -> 46031 | V8: ='3NGL & 3NGS'!L28 -> 46031 | W8: ='3NGL & 3NGS'!M28 -> 46031 | X8: ='3NGL & 3NGS'!N28 -> 46031
A9: ='BOIL & HNU'!G28 -> 23978727 | B9: ='BOIL & HNU'!H28 -> 23978727 | C9: ='BOIL & HNU'!I28 -> 23978727 | D9: ='BOIL & HNU'!J28 -> 33500140 | E9: ='BOIL & HNU'!K28 -> 33500140 | F9: ='BOIL & HNU'!L28 -> 33500140 | G9: ='BOIL & HNU'!M28 -> 33500140 | H9: ='BOIL & HNU'!N28 -> 33500140 | I9: ='BOIL & HNU'!AA28 -> 3688887 | J9: ='BOIL & HNU'!AB28 -> 3864988 | K9: ='BOIL & HNU'!AC28 -> 3864988 | L9: ='BOIL & HNU'!AD28 -> 6486726 | M9: ='BOIL & HNU'!AE28 -> 6486726 | N9: ='BOIL & HNU'!AF28 -> 6486726 | O9: ='BOIL & HNU'!AG28 -> 6486726 | P9: ='BOIL & HNU'!AH28 -> 6486726 | Q9: ='3NGL & 3NGS'!G29 -> 1148226 | R9: ='3NGL & 3NGS'!H29 -> 1148226 | S9: ='3NGL & 3NGS'!I29 -> 1148226 | T9: ='3NGL & 3NGS'!J29 -> 1148226 | U9: ='3NGL & 3NGS'!K29 -> 1464959 | V9: ='3NGL & 3NGS'!L29 -> 1464959 | W9: ='3NGL & 3NGS'!M29 -> 1464959 | X9: ='3NGL & 3NGS'!N29 -> 1464959
A10: ='BOIL & HNU'!G29 -> 18.4 | B10: ='BOIL & HNU'!H29 -> 18.4 | C10: ='BOIL & HNU'!I29 -> 18.4 | D10: ='BOIL & HNU'!J29 -> 22.44 | E10: ='BOIL & HNU'!K29 -> 22.44 | F10: ='BOIL & HNU'!L29 -> 22.44 | G10: ='BOIL & HNU'!M29 -> 22.44 | H10: ='BOIL & HNU'!N29 -> 22.44 | I10: ='BOIL & HNU'!AA29 -> 13.73 | J10: ='BOIL & HNU'!AB29 -> 13.78 | K10: ='BOIL & HNU'!AC29 -> 13.78 | L10: ='BOIL & HNU'!AD29 -> 14.44 | M10: ='BOIL & HNU'!AE29 -> 14.44 | N10: ='BOIL & HNU'!AF29 -> 14.44 | O10: ='BOIL & HNU'!AG29 -> 14.44 | P10: ='BOIL & HNU'!AH29 -> 14.44 | Q10: ='3NGL & 3NGS'!G30 -> 1.8728 | R10: ='3NGL & 3NGS'!H30 -> 1.8728 | S10: ='3NGL & 3NGS'!I30 -> 1.8728 | T10: ='3NGL & 3NGS'!J30 -> 1.8728 | U10: ='3NGL & 3NGS'!K30 -> 2.1335 | V10: ='3NGL & 3NGS'!L30 -> 2.1335 | W10: ='3NGL & 3NGS'!M30 -> 2.1335 | X10: ='3NGL & 3NGS'!N30 -> 2.1335
A11: Maximum Price Period | I11: Maximum Price Period | Q11: Maximum Price Period
A12: ='BOIL & HNU'!G33 -> 10 days | B12: ='BOIL & HNU'!H33 -> 20 days | C12: ='BOIL & HNU'!I33 -> 1 months | D12: ='BOIL & HNU'!J33 -> 2 months | E12: ='BOIL & HNU'!K33 -> 3 months | F12: ='BOIL & HNU'!L33 -> 6 months | G12: ='BOIL & HNU'!M33 -> 12 months | H12: ='BOIL & HNU'!N33 -> 24 months | I12: ='BOIL & HNU'!AA33 -> 10 days | J12: ='BOIL & HNU'!AB33 -> 20 days | K12: ='BOIL & HNU'!AC33 -> 1 months | L12: ='BOIL & HNU'!AD33 -> 2 months | M12: ='BOIL & HNU'!AE33 -> 3 months | N12: ='BOIL & HNU'!AF33 -> 6 months | O12: ='BOIL & HNU'!AG33 -> 12 months | P12: ='BOIL & HNU'!AH33 -> 24 Months | Q12: ='3NGL & 3NGS'!G34 -> 10 days | R12: ='3NGL & 3NGS'!H34 -> 20 days | S12: ='3NGL & 3NGS'!I34 -> 1 months | T12: ='3NGL & 3NGS'!J34 -> 2 months | U12: ='3NGL & 3NGS'!K34 -> 3 months | V12: ='3NGL & 3NGS'!L34 -> 6 months | W12: ='3NGL & 3NGS'!M34 -> 12 months | X12: ='3NGL & 3NGS'!N34 -> 24 Months
A13: ='BOIL & HNU'!G34 -> 46093 | B13: ='BOIL & HNU'!H34 -> 46093 | C13: ='BOIL & HNU'!I34 -> 46093 | D13: ='BOIL & HNU'!J34 -> 46052 | E13: ='BOIL & HNU'!K34 -> 46052 | F13: ='BOIL & HNU'!L34 -> 45996 | G13: ='BOIL & HNU'!M34 -> 45735 | H13: ='BOIL & HNU'!N34 -> 45454 | I13: ='BOIL & HNU'!AA34 -> 46093 | J13: ='BOIL & HNU'!AB34 -> 46093 | K13: ='BOIL & HNU'!AC34 -> 46093 | L13: ='BOIL & HNU'!AD34 -> 46052 | M13: ='BOIL & HNU'!AE34 -> 46052 | N13: ='BOIL & HNU'!AF34 -> 46052 | O13: ='BOIL & HNU'!AG34 -> 45735 | P13: ='BOIL & HNU'!AH34 -> 45454 | Q13: ='3NGL & 3NGS'!G35 -> 46093 | R13: ='3NGL & 3NGS'!H35 -> 46084 | S13: ='3NGL & 3NGS'!I35 -> 46084 | T13: ='3NGL & 3NGS'!J35 -> 46052 | U13: ='3NGL & 3NGS'!K35 -> 46052 | V13: ='3NGL & 3NGS'!L35 -> 45996 | W13: ='3NGL & 3NGS'!M35 -> 45735 | X13: ='3NGL & 3NGS'!N35 -> 45435
A14: ='BOIL & HNU'!G35 -> 11540327 | B14: ='BOIL & HNU'!H35 -> 11540327 | C14: ='BOIL & HNU'!I35 -> 11540327 | D14: ='BOIL & HNU'!J35 -> 18659908 | E14: ='BOIL & HNU'!K35 -> 18659908 | F14: ='BOIL & HNU'!L35 -> 16625164 | G14: ='BOIL & HNU'!M35 -> 1773345 | H14: ='BOIL & HNU'!N35 -> 1941279 | I14: ='BOIL & HNU'!AA35 -> 1558382 | J14: ='BOIL & HNU'!AB35 -> 1558382 | K14: ='BOIL & HNU'!AC35 -> 1558382 | L14: ='BOIL & HNU'!AD35 -> 2386268 | M14: ='BOIL & HNU'!AE35 -> 2386268 | N14: ='BOIL & HNU'!AF35 -> 2386268 | O14: ='BOIL & HNU'!AG35 -> 185694 | P14: ='BOIL & HNU'!AH35 -> 568873 | Q14: ='3NGL & 3NGS'!G36 -> 257366 | R14: ='3NGL & 3NGS'!H36 -> 672434 | S14: ='3NGL & 3NGS'!I36 -> 672434 | T14: ='3NGL & 3NGS'!J36 -> 174811 | U14: ='3NGL & 3NGS'!K36 -> 174811 | V14: ='3NGL & 3NGS'!L36 -> 228568 | W14: ='3NGL & 3NGS'!M36 -> 3669 | X14: ='3NGL & 3NGS'!N36 -> 24338
A15: ='BOIL & HNU'!G36 -> 20.3 | B15: ='BOIL & HNU'!H36 -> 20.3 | C15: ='BOIL & HNU'!I36 -> 20.3 | D15: ='BOIL & HNU'!J36 -> 40.67 | E15: ='BOIL & HNU'!K36 -> 40.67 | F15: ='BOIL & HNU'!L36 -> 43.62 | G15: ='BOIL & HNU'!M36 -> 92.37 | H15: ='BOIL & HNU'!N36 -> 118.3 | I15: ='BOIL & HNU'!AA36 -> 15.11 | J15: ='BOIL & HNU'!AB36 -> 15.11 | K15: ='BOIL & HNU'!AC36 -> 15.11 | L15: ='BOIL & HNU'!AD36 -> 30.26 | M15: ='BOIL & HNU'!AE36 -> 30.26 | N15: ='BOIL & HNU'!AF36 -> 30.26 | O15: ='BOIL & HNU'!AG36 -> 61.91 | P15: ='BOIL & HNU'!AH36 -> 78.48 | Q15: ='3NGL & 3NGS'!G37 -> 1.9398 | R15: ='3NGL & 3NGS'!H37 -> 1.9765 | S15: ='3NGL & 3NGS'!I37 -> 1.9765 | T15: ='3NGL & 3NGS'!J37 -> 5.56 | U15: ='3NGL & 3NGS'!K37 -> 5.56 | V15: ='3NGL & 3NGS'!L37 -> 9.772 | W15: ='3NGL & 3NGS'!M37 -> 34.349 | X15: ='3NGL & 3NGS'!N37 -> 70.14
A17: Short ETFs
A18: #VALUE! | I18: #VALUE! | Q18: #VALUE!
A19: Last Price | B19: Volume | C19: Average Volume | I19: Last Price | J19: Volume | K19: Average Volume | Q19: Last Price | R19: Volume | S19: Average Volume
A20: {=_FV(A18,"Price")} -> 20.435 | B20: {=_FV(A18,"Volume")} -> 1744432 | C20: ='KOLD & HND'!F2 -> 10 days | D20: ='KOLD & HND'!G2 -> 20 Days | E20: ='KOLD & HND'!H2 -> 1 month | F20: ='KOLD & HND'!I2 -> 3 months | G20: ='KOLD & HND'!J2 -> 6 months | H20: ='KOLD & HND'!K2 -> 1 year | I20: {=_FV(I18,"Price")} -> 4.03 | J20: {=_FV(I18,"Volume")} -> 527869 | K20: ='KOLD & HND'!Z2 -> 10 days | L20: ='KOLD & HND'!AA2 -> 20 Days | M20: ='KOLD & HND'!AB2 -> 1 month | N20: ='KOLD & HND'!AC2 -> 3 months | O20: ='KOLD & HND'!AD2 -> 6 months | P20: ='KOLD & HND'!AE2 -> 1 year | Q20: {=_FV(Q18,"Price")} -> 11.62 | R20: {=_FV(Q18,"Volume")} -> 21271 | S20: ='3NGL & 3NGS'!V2 -> 10 Days | T20: ='3NGL & 3NGS'!W2 -> 20 Days | U20: ='3NGL & 3NGS'!X2 -> 1 month | V20: ='3NGL & 3NGS'!Y2 -> 3 months | W20: ='3NGL & 3NGS'!Z2 -> 6 months | X20: ='3NGL & 3NGS'!AA2 -> 12 months
C21: ='KOLD & HND'!F3 -> 8604151.5 | D21: ='KOLD & HND'!G3 -> 7334077.5 | E21: ='KOLD & HND'!H3 -> 9799045.1 | F21: ='KOLD & HND'!I3 -> 9699254.5 | G21: ='KOLD & HND'!J3 -> 6875682.1 | H21: ='KOLD & HND'!K3 -> 6255991.5 | K21: ='KOLD & HND'!Z3 -> 5946551.3 | L21: ='KOLD & HND'!AA3 -> 5924091.9 | M21: ='KOLD & HND'!AB3 -> 7273293.3 | N21: ='KOLD & HND'!AC3 -> 6498564.5 | O21: ='KOLD & HND'!AD3 -> 4536059.6 | P21: ='KOLD & HND'!AE3 -> 3899596.4 | S21: ='3NGL & 3NGS'!V3 -> 50794.1 | T21: ='3NGL & 3NGS'!W3 -> 52200 | U21: ='3NGL & 3NGS'!X3 -> 59133.267 | V21: ='3NGL & 3NGS'!Y3 -> 71778.422 | W21: ='3NGL & 3NGS'!Z3 -> 51075.475 | X21: ='3NGL & 3NGS'!AA3 -> 38285.524
A22: Maximum Volume Period | I22: Maximum Volume Period | Q22: Maximum Volume Period
A23: ='KOLD & HND'!G26 -> 10 days | B23: ='KOLD & HND'!H26 -> 20 days | C23: ='KOLD & HND'!I26 -> 1 months | D23: ='KOLD & HND'!J26 -> 2 months | E23: ='KOLD & HND'!K26 -> 3 months | F23: ='KOLD & HND'!L26 -> 6 months | G23: ='KOLD & HND'!M26 -> 12 months | H23: ='KOLD & HND'!N26 -> 24 months | I23: ='KOLD & HND'!AA26 -> 10 days | J23: ='KOLD & HND'!AB26 -> 20 days | K23: ='KOLD & HND'!AC26 -> 1 months | L23: ='KOLD & HND'!AD26 -> 2 months | M23: ='KOLD & HND'!AE26 -> 3 months | N23: ='KOLD & HND'!AF26 -> 6 months | O23: ='KOLD & HND'!AG26 -> 12 months | P23: ='KOLD & HND'!AH26 -> 24 months | Q23: ='3NGL & 3NGS'!W27 -> 10 days | R23: ='3NGL & 3NGS'!X27 -> 20 days | S23: ='3NGL & 3NGS'!Y27 -> 1 months | T23: ='3NGL & 3NGS'!Z27 -> 2 months | U23: ='3NGL & 3NGS'!AA27 -> 3 months | V23: ='3NGL & 3NGS'!AB27 -> 6 months | W23: ='3NGL & 3NGS'!AC27 -> 12 months | X23: ='3NGL & 3NGS'!AD27 -> 24 Months
A24: ='KOLD & HND'!G27 -> 46090 | B24: ='KOLD & HND'!H27 -> 46087 | C24: ='KOLD & HND'!I27 -> 46087 | D24: ='KOLD & HND'!J27 -> 46052 | E24: ='KOLD & HND'!K27 -> 46052 | F24: ='KOLD & HND'!L27 -> 46052 | G24: ='KOLD & HND'!M27 -> 46052 | H24: ='KOLD & HND'!N27 -> 46052 | I24: ='KOLD & HND'!AA27 -> 46090 | J24: ='KOLD & HND'!AB27 -> 46087 | K24: ='KOLD & HND'!AC27 -> 46087 | L24: ='KOLD & HND'!AD27 -> 46055 | M24: ='KOLD & HND'!AE27 -> 46055 | N24: ='KOLD & HND'!AF27 -> 46055 | O24: ='KOLD & HND'!AG27 -> 46055 | P24: ='KOLD & HND'!AH27 -> 46055 | Q24: ='3NGL & 3NGS'!W28 -> 46090 | R24: ='3NGL & 3NGS'!X28 -> 46090 | S24: ='3NGL & 3NGS'!Y28 -> 46072 | T24: ='3NGL & 3NGS'!Z28 -> 46044 | U24: ='3NGL & 3NGS'!AA28 -> 46044 | V24: ='3NGL & 3NGS'!AB28 -> 46044 | W24: ='3NGL & 3NGS'!AC28 -> 46044 | X24: ='3NGL & 3NGS'!AD28 -> 46044
A25: ='KOLD & HND'!G28 -> 11636973 | B25: ='KOLD & HND'!H28 -> 14374391 | C25: ='KOLD & HND'!I28 -> 14374391 | D25: ='KOLD & HND'!J28 -> 54026562 | E25: ='KOLD & HND'!K28 -> 54026562 | F25: ='KOLD & HND'!L28 -> 54026562 | G25: ='KOLD & HND'!M28 -> 54026562 | H25: ='KOLD & HND'!N28 -> 54026562 | I25: ='KOLD & HND'!AA28 -> 8547131 | J25: ='KOLD & HND'!AB28 -> 10243791 | K25: ='KOLD & HND'!AC28 -> 10243791 | L25: ='KOLD & HND'!AD28 -> 26722821 | M25: ='KOLD & HND'!AE28 -> 26722821 | N25: ='KOLD & HND'!AF28 -> 26722821 | O25: ='KOLD & HND'!AG28 -> 26722821 | P25: ='KOLD & HND'!AH28 -> 26722821 | Q25: ='3NGL & 3NGS'!W29 -> 115929 | R25: ='3NGL & 3NGS'!X29 -> 115929 | S25: ='3NGL & 3NGS'!Y29 -> 161697 | T25: ='3NGL & 3NGS'!Z29 -> 506916 | U25: ='3NGL & 3NGS'!AA29 -> 506916 | V25: ='3NGL & 3NGS'!AB29 -> 506916 | W25: ='3NGL & 3NGS'!AC29 -> 506916 | X25: ='3NGL & 3NGS'!AD29 -> 506916
A26: ='KOLD & HND'!G29 -> 20.14 | B26: ='KOLD & HND'!H29 -> 18.75 | C26: ='KOLD & HND'!I29 -> 18.75 | D26: ='KOLD & HND'!J29 -> 13.58 | E26: ='KOLD & HND'!K29 -> 13.58 | F26: ='KOLD & HND'!L29 -> 13.58 | G26: ='KOLD & HND'!M29 -> 13.58 | H26: ='KOLD & HND'!N29 -> 13.58 | I26: ='KOLD & HND'!AA29 -> 4 | J26: ='KOLD & HND'!AB29 -> 3.72 | K26: ='KOLD & HND'!AC29 -> 3.72 | L26: ='KOLD & HND'!AD29 -> 4.08 | M26: ='KOLD & HND'!AE29 -> 4.08 | N26: ='KOLD & HND'!AF29 -> 4.08 | O26: ='KOLD & HND'!AG29 -> 4.08 | P26: ='KOLD & HND'!AH29 -> 4.08 | Q26: ='3NGL & 3NGS'!W30 -> 11.07 | R26: ='3NGL & 3NGS'!X30 -> 11.07 | S26: ='3NGL & 3NGS'!Y30 -> 13.71 | T26: ='3NGL & 3NGS'!Z30 -> 10.97 | U26: ='3NGL & 3NGS'!AA30 -> 10.97 | V26: ='3NGL & 3NGS'!AB30 -> 10.97 | W26: ='3NGL & 3NGS'!AC30 -> 10.97 | X26: ='3NGL & 3NGS'!AD30 -> 10.97
A27: Minimum Price Period | I27: Minimum Price Period | Q27: Minimum Price Period
A28: ='KOLD & HND'!G33 -> 10 days | B28: ='KOLD & HND'!H33 -> 20 days | C28: ='KOLD & HND'!I33 -> 1 months | D28: ='KOLD & HND'!J33 -> 2 months | E28: ='KOLD & HND'!K33 -> 3 months | F28: ='KOLD & HND'!L33 -> 6 months | G28: ='KOLD & HND'!M33 -> 12 months | H28: ='KOLD & HND'!N33 -> 24 months | I28: ='KOLD & HND'!AA33 -> 10 days | J28: ='KOLD & HND'!AB33 -> 20 days | K28: ='KOLD & HND'!AC33 -> 1 months | L28: ='KOLD & HND'!AD33 -> 2 months | M28: ='KOLD & HND'!AE33 -> 3 months | N28: ='KOLD & HND'!AF33 -> 6 months | O28: ='KOLD & HND'!AG33 -> 12 months | P28: ='KOLD & HND'!AH33 -> 24 months | Q28: ='3NGL & 3NGS'!W34 -> 10 days | R28: ='3NGL & 3NGS'!X34 -> 20 days | S28: ='3NGL & 3NGS'!Y34 -> 1 months | T28: ='3NGL & 3NGS'!Z34 -> 2 months | U28: ='3NGL & 3NGS'!AA34 -> 3 months | V28: ='3NGL & 3NGS'!AB34 -> 6 months | W28: ='3NGL & 3NGS'!AC34 -> 12 months | X28: ='3NGL & 3NGS'!AD34 -> 24 Months
A29: ='KOLD & HND'!G34 -> 46097 | B29: ='KOLD & HND'!H34 -> 46079 | C29: ='KOLD & HND'!I34 -> 46079 | D29: ='KOLD & HND'!J34 -> 46038 | E29: ='KOLD & HND'!K34 -> 46031 | F29: ='KOLD & HND'!L34 -> 46031 | G29: ='KOLD & HND'!M34 -> 46031 | H29: ='KOLD & HND'!N34 -> 45604 | I29: ='KOLD & HND'!AA34 -> 46097 | J29: ='KOLD & HND'!AB34 -> 46079 | K29: ='KOLD & HND'!AC34 -> 46079 | L29: ='KOLD & HND'!AD34 -> 46038 | M29: ='KOLD & HND'!AE34 -> 46031 | N29: ='KOLD & HND'!AF34 -> 45946 | O29: ='KOLD & HND'!AG34 -> 45891 | P29: ='KOLD & HND'!AH34 -> 45378 | Q29: ='3NGL & 3NGS'!W35 -> 46091 | R29: ='3NGL & 3NGS'!X35 -> 46079 | S29: ='3NGL & 3NGS'!Y35 -> 46079 | T29: ='3NGL & 3NGS'!Z35 -> 46038 | U29: ='3NGL & 3NGS'!AA35 -> 46037 | V29: ='3NGL & 3NGS'!AB35 -> 46037 | W29: ='3NGL & 3NGS'!AC35 -> 46037 | X29: ='3NGL & 3NGS'!AD35 -> 45509
A30: ='KOLD & HND'!G35 -> 7811737 | B30: ='KOLD & HND'!H35 -> 4166447 | C30: ='KOLD & HND'!I35 -> 4166447 | D30: ='KOLD & HND'!J35 -> 2813218 | E30: ='KOLD & HND'!K35 -> 5605190 | F30: ='KOLD & HND'!L35 -> 5605190 | G30: ='KOLD & HND'!M35 -> 5605190 | H30: ='KOLD & HND'!N35 -> 1274211 | I30: ='KOLD & HND'!AA35 -> 4230730 | J30: ='KOLD & HND'!AB35 -> 4700547 | K30: ='KOLD & HND'!AC35 -> 4700547 | L30: ='KOLD & HND'!AD35 -> 1598796 | M30: ='KOLD & HND'!AE35 -> 3179601 | N30: ='KOLD & HND'!AF35 -> 1655462 | O30: ='KOLD & HND'!AG35 -> 1655332 | P30: ='KOLD & HND'!AH35 -> 660604 | Q30: ='3NGL & 3NGS'!W36 -> 37422 | R30: ='3NGL & 3NGS'!X36 -> 44767 | S30: ='3NGL & 3NGS'!Y36 -> 44767 | T30: ='3NGL & 3NGS'!Z36 -> 50354 | U30: ='3NGL & 3NGS'!AA36 -> 20176 | V30: ='3NGL & 3NGS'!AB36 -> 20176 | W30: ='3NGL & 3NGS'!AC36 -> 20176 | X30: ='3NGL & 3NGS'!AD36 -> 981
A31: ='KOLD & HND'!G36 -> 20.39 | B31: ='KOLD & HND'!H36 -> 23.93 | C31: ='KOLD & HND'!I36 -> 23.93 | D31: ='KOLD & HND'!J36 -> 45.24 | E31: ='KOLD & HND'!K36 -> 49.39 | F31: ='KOLD & HND'!L36 -> 49.39 | G31: ='KOLD & HND'!M36 -> 49.39 | H31: ='KOLD & HND'!N36 -> 82.81 | I31: ='KOLD & HND'!AA36 -> 4.05 | J31: ='KOLD & HND'!AB36 -> 4.82 | K31: ='KOLD & HND'!AC36 -> 4.82 | L31: ='KOLD & HND'!AD36 -> 9.13 | M31: ='KOLD & HND'!AE36 -> 9.95 | N31: ='KOLD & HND'!AF36 -> 10.42 | O31: ='KOLD & HND'!AG36 -> 11.03 | P31: ='KOLD & HND'!AH36 -> 30.2675 | Q31: ='3NGL & 3NGS'!W37 -> 11.84 | R31: ='3NGL & 3NGS'!X37 -> 15.67 | S31: ='3NGL & 3NGS'!Y37 -> 15.67 | T31: ='3NGL & 3NGS'!Z37 -> 35.2 | U31: ='3NGL & 3NGS'!AA37 -> 35.26 | V31: ='3NGL & 3NGS'!AB37 -> 35.26 | W31: ='3NGL & 3NGS'!AC37 -> 35.26 | X31: ='3NGL & 3NGS'!AD37 -> 128.4561

Sheet BOIL & HNU
A1: #VALUE! | F1: Average Volume | M1: Volume Moving Average ( VMA ) | U1: #VALUE! | Z1: Average Volume | AG1: Volume Moving Average ( VMA ) | AR1: $ Value Traded BOIL | AU1: $ Value Traded HNU | BC1: {=_xlfn._xlws.FILTER(BA4000:BB6000, BA4000:BA6000<>"")} -> Filtered Date BOIL | BD1: Filtered Value BOIL | BF1: {=_xlfn._xlws.FILTER(BD4000:BE6000, BD4000:BD6000<>"")} -> Filtered Date HNU | BG1: Filtered Value HNU
A2: {=_xlfn.STOCKHISTORY(A1,DATE(2020,2,25),TODAY(),0,1,0,1,5)} -> Date | B2: Close | C2: Volume | D2: % Change | F2: 10 days | G2: 20 Days | H2: 1 month | I2: 3 months | J2: 6 months | K2: 1 year | M2: 10 Days | N2: 20 Days | O2: 50 Days | P2: 100 Days | Q2: 200 Days | R2: 360 Days | U2: {=_xlfn.STOCKHISTORY(U1,DATE(2020,2,25),TODAY(),0,1,0,1,5)} -> Date | V2: Close | W2: Volume | X2: % Change | Z2: 10 days | AA2: 20 Days | AB2: 1 month | AC2: 3 months | AD2: 6 months | AE2: 1 year | AG2: 10 Days | AH2: 20 Days | AI2: 50 Days | AJ2: 100 Days | AK2: 200 Days | AL2: 360 Days | AR2: Date | AS2: Value | AT2: % Vol Percentile | AU2: Date | AV2: Value | AW2: % Vol Percentile | AY2: #VALUE! | BC2: 45831 | BD2: 2.4482988e+08 | BF2: 45875 | BG2: 19775717 | BI2: =_xlfn.PERCENTILE.INC(AS:AS, 0.9) -> 3.0616278e+08 | BJ2: =_xlfn.PERCENTILE.INC(C:C, 0.9) -> 5166631.7 | BK2: =MAX(C:C) -> 33500140 | BM2: =_xlfn.PERCENTILE.INC(AV3:AV5000, 0.9) -> 41167141 | BN2: =_xlfn.PERCENTILE.INC(W3:W5000, 0.9) -> 1127455.4 | BO2: =MAX(W3:W5000) -> 6486726
A3: 43886 | B3: 5755 | C3: 263 | D3: - | F3: =AVERAGE(_xlfn.TAKE(INDEX(_xlfn.ANCHORARRAY(A2), , 3), -10)) -> 16739657 | G3: =AVERAGE(_xlfn.TAKE(INDEX(_xlfn.ANCHORARRAY(A2), , 3), -20)) -> 14581698 | H3: =AVERAGE(_xlfn.TAKE(INDEX(_xlfn.ANCHORARRAY(A2), , 3), -30)) -> 13822368 | I3: =AVERAGE(_xlfn.TAKE(INDEX(_xlfn.ANCHORARRAY(A2), , 3), -90)) -> 12697801 | J3: =AVERAGE(_xlfn.TAKE(INDEX(_xlfn.ANCHORARRAY(A2), , 3), -180)) -> 9397136.3 | K3: =AVERAGE(_xlfn.TAKE(INDEX(_xlfn.ANCHORARRAY(A2), , 3), -365)) -> 6081848.9 | M3: {=_xlfn.LET( _xlpm.Last10, _xlfn.TAKE(_xlfn.ANCHORARRAY(A2), -10), _xlpm.Price, INDEX(_xlpm.Last10, , 2), _xlpm.Vol, INDEX(_xlpm.Last10, , 3), SUM(_xlpm.Price * _xlpm.Vol) / SUM(_xlpm.Vol) )} -> 18.625594 | N3: {=_xlfn.LET( _xlpm.Last20, _xlfn.TAKE(_xlfn.ANCHORARRAY(A2), -20), _xlpm.Price, INDEX(_xlpm.Last20, , 2), _xlpm.Vol, INDEX(_xlpm.Last20, , 3), SUM(_xlpm.Price * _xlpm.Vol) / SUM(_xlpm.Vol) )} -> 17.973472 | O3: {=_xlfn.LET( _xlpm.Last50, _xlfn.TAKE(_xlfn.ANCHORARRAY(A2), -50), _xlpm.Price, INDEX(_xlpm.Last50, , 2), _xlpm.Vol, INDEX(_xlpm.Last50, , 3), SUM(_xlpm.Price * _xlpm.Vol) / SUM(_xlpm.Vol) )} -> 21.470415 | P3: {=_xlfn.LET( _xlpm.Last100, _xlfn.TAKE(_xlfn.ANCHORARRAY(A2), -100), _xlpm.Price, INDEX(_xlpm.Last100, , 2), _xlpm.Vol, INDEX(_xlpm.Last100, , 3), SUM(_xlpm.Price * _xlpm.Vol) / SUM(_xlpm.Vol) )} -> 24.81456 | Q3: {=_xlfn.LET( _xlpm.Last200, _xlfn.TAKE(_xlfn.ANCHORARRAY(A2), -200), _xlpm.Price, INDEX(_xlpm.Last200, , 2), _xlpm.Vol, INDEX(_xlpm.Last200, , 3), SUM(_xlpm.Price * _xlpm.Vol) / SUM(_xlpm.Vol) )} -> 27.842094 | R3: {=_xlfn.LET( _xlpm.Last360, _xlfn.TAKE(_xlfn.ANCHORARRAY(A2), -360), _xlpm.Price, INDEX(_xlpm.Last360, , 2), _xlpm.Vol, INDEX(_xlpm.Last360, , 3), SUM(_xlpm.Price * _xlpm.Vol) / SUM(_xlpm.Vol) )} -> 33.781119 | U3: 43886 | V3: 3843 | W3: 2142 | X3: - | Z3: =AVERAGE(_xlfn.TAKE(INDEX(_xlfn.ANCHORARRAY(U2), , 3), -10)) -> 2913262.6 | AA3: =AVERAGE(_xlfn.TAKE(INDEX(_xlfn.ANCHORARRAY(U2), , 3), -20)) -> 2890699 | AB3: =AVERAGE(_xlfn.TAKE(INDEX(_xlfn.ANCHORARRAY(U2), , 3), -30)) -> 2743986.7 | AC3: =AVERAGE(_xlfn.TAKE(INDEX(_xlfn.ANCHORARRAY(U2), , 3), -90)) -> 2425096.3 | AD3: =AVERAGE(_xlfn.TAKE(INDEX(_xlfn.ANCHORARRAY(U2), , 3), -180)) -> 1872943.1 | AE3: =AVERAGE(_xlfn.TAKE(INDEX(_xlfn.ANCHORARRAY(U2), , 3), -365)) -> 1237155.4 | AG3: {=_xlfn.LET( _xlpm.Last10, _xlfn.TAKE(_xlfn.ANCHORARRAY(U2), -10), _xlpm.Price, INDEX(_xlpm.Last10, , 2), _xlpm.Vol, INDEX(_xlpm.Last10, , 3), SUM(_xlpm.Price * _xlpm.Vol) / SUM(_xlpm.Vol) )} -> 13.882622 | AH3: {=_xlfn.LET( _xlpm.Last20, _xlfn.TAKE(_xlfn.ANCHORARRAY(U2), -20), _xlpm.Price, INDEX(_xlpm.Last20, , 2), _xlpm.Vol, INDEX(_xlpm.Last20, , 3), SUM(_xlpm.Price * _xlpm.Vol) / SUM(_xlpm.Vol) )} -> 13.286541 | AI3: {=_xlfn.LET( _xlpm.Last50, _xlfn.TAKE(_xlfn.ANCHORARRAY(U2), -50), _xlpm.Price, INDEX(_xlpm.Last50, , 2), _xlpm.Vol, INDEX(_xlpm.Last50, , 3), SUM(_xlpm.Price * _xlpm.Vol) / SUM(_xlpm.Vol) )} -> 15.13651 | AJ3: {=_xlfn.LET( _xlpm.Last100, _xlfn.TAKE(_xlfn.ANCHORARRAY(U2), -100), _xlpm.Price, INDEX(_xlpm.Last100, , 2), _xlpm.Vol, INDEX(_xlpm.Last100, , 3), SUM(_xlpm.Price * _xlpm.Vol) / SUM(_xlpm.Vol) )} -> 16.783311 | AK3: {=_xlfn.LET( _xlpm.Last200, _xlfn.TAKE(_xlfn.ANCHORARRAY(U2), -200), _xlpm.Price, INDEX(_xlpm.Last200, , 2), _xlpm.Vol, INDEX(_xlpm.Last200, , 3), SUM(_xlpm.Price * _xlpm.Vol) / SUM(_xlpm.Vol) )} -> 18.49625 | AL3: {=_xlfn.LET( _xlpm.Last360, _xlfn.TAKE(_xlfn.ANCHORARRAY(U2), -360), _xlpm.Price, INDEX(_xlpm.Last360, , 2), _xlpm.Vol, INDEX(_xlpm.Last360, , 3), SUM(_xlpm.Price * _xlpm.Vol) / SUM(_xlpm.Vol) )} -> 22.246634 | AR3: =A3 -> 43886 | AS3: =B3*C3 -> 1513565 | AT3: =IF(AND($AS3 >= $BI$2, $C3 >= $BJ$2), ($C3 / $BK$2) * 100, "") | AU3: =U3 -> 43886 | AV3: =V3*W3 -> 8231706 | AW3: =IF(AND($AV3 >= $BM$2, $W3 >= $BN$2), ($W3 / $BO$2) * 100, "") | AY3: =IF(AND($AS3 >= $BI$2, $C3 >= $BJ$2), ($C3 / $BK$2) * 100, "") | BC3: 45832 | BD3: 1.6696233e+08 | BF3: 45876 | BG3: 25067601
A4: 43887 | B4: 5590 | C4: 259 | D4: =(B4-B3)/B3 -> -0.028670721 | U4: 43887 | V4: 3739.5 | W4: 2197 | X4: =(V4-V3)/V3 -> -0.026932084 | AR4: =A4 -> 43887 | AS4: =B4*C4 -> 1447810 | AT4: =IF(AND($AS4 >= $BI$2, $C4 >= $BJ$2), ($C4 / $BK$2) * 100, "") | AU4: =U4 -> 43887 | AV4: =V4*W4 -> 8215681.5 | AW4: =IF(AND($AV4 >= $BM$2, $W4 >= $BN$2), ($W4 / $BO$2) * 100, "") | BC4: 45833 | BD4: 1.4469777e+08 | BF4: 45877 | BG4: 32115861
A5: 43888 | B5: 5130 | C5: 636 | D5: =(B5-B4)/B4 -> -0.082289803 | U5: 43888 | V5: 3361.5 | W5: 3054 | X5: =(V5-V4)/V4 -> -0.10108303 | AR5: =A5 -> 43888 | AS5: =B5*C5 -> 3262680 | AT5: =IF(AND($AS5 >= $BI$2, $C5 >= $BJ$2), ($C5 / $BK$2) * 100, "") | AU5: =U5 -> 43888 | AV5: =V5*W5 -> 10266021 | AW5: =IF(AND($AV5 >= $BM$2, $W5 >= $BN$2), ($W5 / $BO$2) * 100, "") | BC5: 45834 | BD5: 253645076 | BF5: 45880 | BG5: 21788514
A6: 43889 | B6: 4830 | C6: 398 | D6: =(B6-B5)/B5 -> -0.058479532 | U6: 43889 | V6: 3204 | W6: 2949 | X6: =(V6-V5)/V5 -> -0.046854083 | AR6: =A6 -> 43889 | AS6: =B6*C6 -> 1922340 | AT6: =IF(AND($AS6 >= $BI$2, $C6 >= $BJ$2), ($C6 / $BK$2) * 100, "") | AU6: =U6 -> 43889 | AV6: =V6*W6 -> 9448596 | AW6: =IF(AND($AV6 >= $BM$2, $W6 >= $BN$2), ($W6 / $BO$2) * 100, "") | BC6: 45835 | BD6: 2.0952453e+08 | BF6: 45881 | BG6: 39833700
A7: 43892 | B7: 5130 | C7: 281 | D7: =(B7-B6)/B6 -> 0.062111801 | U7: 43892 | V7: 3438 | W7: 2792 | X7: =(V7-V6)/V6 -> 0.073033708 | AR7: =A7 -> 43892 | AS7: =B7*C7 -> 1441530 | AT7: =IF(AND($AS7 >= $BI$2, $C7 >= $BJ$2), ($C7 / $BK$2) * 100, "") | AU7: =U7 -> 43892 | AV7: =V7*W7 -> 9598896 | AW7: =IF(AND($AV7 >= $BM$2, $W7 >= $BN$2), ($W7 / $BO$2) * 100, "") | BC7: 45838 | BD7: 2.9927177e+08 | BF7: 45882 | BG7: 21971626
A8: 43893 | B8: 5400 | C8: 511 | D8: =(B8-B7)/B7 -> 0.052631579 | U8: 43893 | V8: 3618 | W8: 3443 | X8: =(V8-V7)/V7 -> 0.052356021 | AR8: =A8 -> 43893 | AS8: =B8*C8 -> 2759400 | AT8: =IF(AND($AS8 >= $BI$2, $C8 >= $BJ$2), ($C8 / $BK$2) * 100, "") | AU8: =U8 -> 43893 | AV8: =V8*W8 -> 12456774 | AW8: =IF(AND($AV8 >= $BM$2, $W8 >= $BN$2), ($W8 / $BO$2) * 100, "") | BC8: 45839 | BD8: 2.2775447e+08 | BF8: 45883 | BG8: 18852111
A9: 43894 | B9: 5595 | C9: 210 | D9: =(B9-B8)/B8 -> 0.036111111 | U9: 43894 | V9: 3753 | W9: 1870 | X9: =(V9-V8)/V8 -> 0.037313433 | AR9: =A9 -> 43894 | AS9: =B9*C9 -> 1174950 | AT9: =IF(AND($AS9 >= $BI$2, $C9 >= $BJ$2), ($C9 / $BK$2) * 100, "") | AU9: =U9 -> 43894 | AV9: =V9*W9 -> 7018110 | AW9: =IF(AND($AV9 >= $BM$2, $W9 >= $BN$2), ($W9 / $BO$2) * 100, "") | BC9: 45840 | BD9: 1.7521348e+08 | BF9: 45884 | BG9: 24139251
A10: 43895 | B10: 5190.1 | C10: 274 | D10: =(B10-B9)/B9 -> -0.072368186 | U10: 43895 | V10: 3465 | W10: 2943 | X10: =(V10-V9)/V9 -> -0.076738609 | AR10: =A10 -> 43895 | AS10: =B10*C10 -> 1422087.4 | AT10: =IF(AND($AS10 >= $BI$2, $C10 >= $BJ$2), ($C10 / $BK$2) * 100, "") | AU10: =U10 -> 43895 | AV10: =V10*W10 -> 10197495 | AW10: =IF(AND($AV10 >= $BM$2, $W10 >= $BN$2), ($W10 / $BO$2) * 100, "") | BC10: 45841 | BD10: 1.5698411e+08 | BF10: 45887 | BG10: 8539847
A11: 43896 | B11: 4950 | C11: 330 | D11: =(B11-B10)/B10 -> -0.046261151 | U11: 43896 | V11: 3312 | W11: 2467 | X11: =(V11-V10)/V10 -> -0.044155844 | AR11: =A11 -> 43896 | AS11: =B11*C11 -> 1633500 | AT11: =IF(AND($AS11 >= $BI$2, $C11 >= $BJ$2), ($C11 / $BK$2) * 100, "") | AU11: =U11 -> 43896 | AV11: =V11*W11 -> 8170704 | AW11: =IF(AND($AV11 >= $BM$2, $W11 >= $BN$2), ($W11 / $BO$2) * 100, "") | BC11: 45845 | BD11: 1.7868987e+08 | BF11: 45888 | BG11: 40162089
A12: 43899 | B12: 5520 | C12: 604 | D12: =(B12-B11)/B11 -> 0.11515152 | U12: 43899 | V12: 3690 | W12: 3877 | X12: =(V12-V11)/V11 -> 0.11413043 | AR12: =A12 -> 43899 | AS12: =B12*C12 -> 3334080 | AT12: =IF(AND($AS12 >= $BI$2, $C12 >= $BJ$2), ($C12 / $BK$2) * 100, "") | AU12: =U12 -> 43899 | AV12: =V12*W12 -> 14306130 | AW12: =IF(AND($AV12 >= $BM$2, $W12 >= $BN$2), ($W12 / $BO$2) * 100, "") | BC12: 45846 | BD12: 1.6199803e+08 | BF12: 45889 | BG12: 19773065
A13: 43900 | B13: 6180 | C13: 662 | D13: =(B13-B12)/B12 -> 0.11956522 | U13: 43900 | V13: 4131 | W13: 4603 | X13: =(V13-V12)/V12 -> 0.1195122 | AR13: =A13 -> 43900 | AS13: =B13*C13 -> 4091160 | AT13: =IF(AND($AS13 >= $BI$2, $C13 >= $BJ$2), ($C13 / $BK$2) * 100, "") | AU13: =U13 -> 43900 | AV13: =V13*W13 -> 19014993 | AW13: =IF(AND($AV13 >= $BM$2, $W13 >= $BN$2), ($W13 / $BO$2) * 100, "") | BC13: 45847 | BD13: 3.0170469e+08 | BF13: 45890 | BG13: 20741818
A14: 43901 | B14: 5830 | C14: 579 | D14: =(B14-B13)/B13 -> -0.056634304 | U14: 43901 | V14: 3888 | W14: 4694 | X14: =(V14-V13)/V13 -> -0.058823529 | AR14: =A14 -> 43901 | AS14: =B14*C14 -> 3375570 | AT14: =IF(AND($AS14 >= $BI$2, $C14 >= $BJ$2), ($C14 / $BK$2) * 100, "") | AU14: =U14 -> 43901 | AV14: =V14*W14 -> 18250272 | AW14: =IF(AND($AV14 >= $BM$2, $W14 >= $BN$2), ($W14 / $BO$2) * 100, "") | BC14: 45848 | BD14: 2.0638524e+08 | BF14: 45891 | BG14: 35941211
A15: 43902 | B15: 5550 | C15: 574 | D15: =(B15-B14)/B14 -> -0.048027444 | U15: 43902 | V15: 3717 | W15: 2858 | X15: =(V15-V14)/V14 -> -0.043981481 | AR15: =A15 -> 43902 | AS15: =B15*C15 -> 3185700 | AT15: =IF(AND($AS15 >= $BI$2, $C15 >= $BJ$2), ($C15 / $BK$2) * 100, "") | AU15: =U15 -> 43902 | AV15: =V15*W15 -> 10623186 | AW15: =IF(AND($AV15 >= $BM$2, $W15 >= $BN$2), ($W15 / $BO$2) * 100, "") | BC15: 45849 | BD15: 1.6775976e+08 | BF15: 45894 | BG15: 12513761
... A21: 43910 | B21: 4250 | C21: 282 | D21: =(B21-B20)/B20 -> -0.086021505 | U21: 43910 | V21: 2835 | W21: 2986 | X21: =(V21-V20)/V20 -> -0.081632653 | AR21: =A21 -> 43910 | AS21: =B21*C21 -> 1198500 | AT21: =IF(AND($AS21 >= $BI$2, $C21 >= $BJ$2), ($C21 / $BK$2) * 100, "") | AU21: =U21 -> 43910 | AV21: =V21*W21 -> 8465310 | AW21: =IF(AND($AV21 >= $BM$2, $W21 >= $BN$2), ($W21 / $BO$2) * 100, "") | BC21: 45859 | BD21: 2.5951123e+08 | BF21: 45903 | BG21: 16138987
A22: 43913 | B22: 4326.5 | C22: 367 | D22: =(B22-B21)/B21 -> 0.018 | G22: Last Price | H22: Volume | I22: Change | J22: 52 Week High | K22: 52 Week Low | P22: Period | Q22: Date Range | U22: 43913 | V22: 2889 | W22: 2516 | X22: =(V22-V21)/V21 -> 0.019047619 | AA22: Last Price | AB22: Volume | AC22: Change | AD22: 52 Week High | AE22: 52 Week Low | AJ22: Period | AK22: Date Range | AR22: =A22 -> 43913 | AS22: =B22*C22 -> 1587825.5 | AT22: =IF(AND($AS22 >= $BI$2, $C22 >= $BJ$2), ($C22 / $BK$2) * 100, "") | AU22: =U22 -> 43913 | AV22: =V22*W22 -> 7268724 | AW22: =IF(AND($AV22 >= $BM$2, $W22 >= $BN$2), ($W22 / $BO$2) * 100, "") | BC22: 45860 | BD22: 1.5143336e+08 | BF22: 45904 | BG22: 20333125
A23: 43914 | B23: 4720 | C23: 217 | D23: =(B23-B22)/B22 -> 0.090951115 | G23: {=_FV(A1,"Price")} -> 17.67 | H23: {=_FV(A1,"Volume")} -> 4013078 | I23: {=_FV(A1,"Change (%)",TRUE)} -> -0.002259 | J23: {=_FV(A1,"52 week high",TRUE)} -> 94.5 | K23: {=_FV(A1,"52 week low",TRUE)} -> 15.2 | P23: 10 days | Q23: =TODAY()-10 -> 46088 | U23: 43914 | V23: 3132 | W23: 2243 | X23: =(V23-V22)/V22 -> 0.08411215 | AA23: {=_FV(U1,"Price")} -> 13.23 | AB23: {=_FV(U1,"Volume")} -> 331803 | AC23: {=_FV(U1,"Change (%)",TRUE)} -> 0.003794 | AD23: {=_FV(U1,"52 week high",TRUE)} -> 63 | AE23: {=_FV(U1,"52 week low",TRUE)} -> 11.31 | AJ23: 10 days | AK23: =TODAY()-10 -> 46088 | AR23: =A23 -> 43914 | AS23: =B23*C23 -> 1024240 | AT23: =IF(AND($AS23 >= $BI$2, $C23 >= $BJ$2), ($C23 / $BK$2) * 100, "") | AU23: =U23 -> 43914 | AV23: =V23*W23 -> 7025076 | AW23: =IF(AND($AV23 >= $BM$2, $W23 >= $BN$2), ($W23 / $BO$2) * 100, "") | BC23: 45861 | BD23: 3.4156247e+08 | BF23: 45905 | BG23: 13900583
A24: 43915 | B24: 4630 | C24: 159 | D24: =(B24-B23)/B23 -> -0.019067797 | P24: 20 Days | Q24: =TODAY()-20 -> 46078 | U24: 43915 | V24: 3069 | W24: 2157 | X24: =(V24-V23)/V23 -> -0.020114943 | AJ24: 20 Days | AK24: =TODAY()-20 -> 46078 | AR24: =A24 -> 43915 | AS24: =B24*C24 -> 736170 | AT24: =IF(AND($AS24 >= $BI$2, $C24 >= $BJ$2), ($C24 / $BK$2) * 100, "") | AU24: =U24 -> 43915 | AV24: =V24*W24 -> 6619833 | AW24: =IF(AND($AV24 >= $BM$2, $W24 >= $BN$2), ($W24 / $BO$2) * 100, "") | BC24: 45862 | BD24: 1.6380474e+08 | BF24: 45908 | BG24: 16615076
A25: 43916 | B25: 4441.9 | C25: 353 | D25: =(B25-B24)/B24 -> -0.04062635 | G25: Maximum Volume Period | P25: 1 month | Q25: =TODAY()-30 -> 46068 | U25: 43916 | V25: 2961 | W25: 1921 | X25: =(V25-V24)/V24 -> -0.035190616 | AA25: Maximum Volume Period | AJ25: 1 month | AK25: =TODAY()-30 -> 46068 | AR25: =A25 -> 43916 | AS25: =B25*C25 -> 1567990.7 | AT25: =IF(AND($AS25 >= $BI$2, $C25 >= $BJ$2), ($C25 / $BK$2) * 100, "") | AU25: =U25 -> 43916 | AV25: =V25*W25 -> 5688081 | AW25: =IF(AND($AV25 >= $BM$2, $W25 >= $BN$2), ($W25 / $BO$2) * 100, "") | BC25: 45863 | BD25: 1.3945158e+08 | BF25: 45909 | BG25: 23150784
A26: 43917 | B26: 4360.1 | C26: 168 | D26: =(B26-B25)/B25 -> -0.018415543 | G26: 10 days | H26: 20 days | I26: 1 months | J26: 2 months | K26: 3 months | L26: 6 months | M26: 12 months | N26: 24 months | P26: 2 months | Q26: =TODAY()-60 -> 46038 | U26: 43917 | V26: 2898 | W26: 1499 | X26: =(V26-V25)/V25 -> -0.021276596 | AA26: 10 days | AB26: 20 days | AC26: 1 months | AD26: 2 months | AE26: 3 months | AF26: 6 months | AG26: 12 months | AH26: 24 Months | AJ26: 2 months | AK26: =TODAY()-60 -> 46038 | AR26: =A26 -> 43917 | AS26: =B26*C26 -> 732496.8 | AT26: =IF(AND($AS26 >= $BI$2, $C26 >= $BJ$2), ($C26 / $BK$2) * 100, "") | AU26: =U26 -> 43917 | AV26: =V26*W26 -> 4344102 | AW26: =IF(AND($AV26 >= $BM$2, $W26 >= $BN$2), ($W26 / $BO$2) * 100, "") | BC26: 45866 | BD26: 2.2283417e+08 | BF26: 45910 | BG26: 19774609
A27: 43920 | B27: 4460.2 | C27: 320 | D27: =(B27-B26)/B26 -> 0.022958189 | F27: Date | G27: {=_xlfn.LET( _xlpm.Data, _xlfn.DROP(_xlfn.ANCHORARRAY(A2), 1), _xlpm.Filtered, _xlfn._xlws.FILTER(_xlpm.Data, INDEX(_xlpm.Data, , 1) >= Q23), _xlfn.TAKE(_xlfn._xlws.SORT(_xlpm.Filtered, 3, -1), 1, 1) )} -> 46090 | H27: =INDEX(A:A, MATCH(_xlfn.MAXIFS(C:C, A:A, ">="&Q24), C:C, 0)) -> 46090 | I27: =INDEX(A:A, MATCH(_xlfn.MAXIFS(C:C, A:A, ">="&Q25), C:C, 0)) -> 46090 | J27: =INDEX(A:A, MATCH(_xlfn.MAXIFS(C:C, A:A, ">="&Q26), C:C, 0)) -> 46042 | K27: =INDEX(A:A, MATCH(_xlfn.MAXIFS(C:C, A:A, ">="&Q27), C:C, 0)) -> 46042 | L27: =INDEX(A:A, MATCH(_xlfn.MAXIFS(C:C, A:A, ">="&Q28), C:C, 0)) -> 46042 | M27: =INDEX(A:A, MATCH(_xlfn.MAXIFS(C:C, A:A, ">="&Q29), C:C, 0)) -> 46042 | N27: =INDEX(A:A, MATCH(_xlfn.MAXIFS(C:C, A:A, ">="&Q30), C:C, 0)) -> 46042 | P27: 3 months | Q27: =TODAY()-90 -> 46008 | U27: 43920 | V27: 2970 | W27: 1191 | X27: =(V27-V26)/V26 -> 0.02484472 | Z27: Date | AA27: {=_xlfn.LET( _xlpm.Data, _xlfn.DROP(_xlfn.ANCHORARRAY(U2), 1), _xlpm.Filtered, _xlfn._xlws.FILTER(_xlpm.Data, INDEX(_xlpm.Data, , 1) >= AK23), _xlfn.TAKE(_xlfn._xlws.SORT(_xlpm.Filtered, 3, -1), 1, 1) )} -> 46090 | AB27: =INDEX(U:U, MATCH(_xlfn.MAXIFS(W:W, U:U, ">="&AK24), W:W, 0)) -> 46084 | AC27: =INDEX(U:U, MATCH(_xlfn.MAXIFS(W:W, U:U, ">="&AK25), W:W, 0)) -> 46084 | AD27: =INDEX(U:U, MATCH(_xlfn.MAXIFS(W:W, U:U, ">="&AK26), W:W, 0)) -> 46041 | AE27: =INDEX(U:U, MATCH(_xlfn.MAXIFS(W:W, U:U, ">="&AK27), W:W, 0)) -> 46041 | AF27: =INDEX(U:U, MATCH(_xlfn.MAXIFS(W:W, U:U, ">="&AK28), W:W, 0)) -> 46041 | AG27: =INDEX(U:U, MATCH(_xlfn.MAXIFS(W:W, U:U, ">="&AK29), W:W, 0)) -> 46041 | AH27: =INDEX(U:U, MATCH(_xlfn.MAXIFS(W:W, U:U, ">="&AK30), W:W, 0)) -> 46041 | AJ27: 3 months | AK27: =TODAY()-90 -> 46008 | AR27: =A27 -> 43920 | AS27: =B27*C27 -> 1427264 | AT27: =IF(AND($AS27 >= $BI$2, $C27 >= $BJ$2), ($C27 / $BK$2) * 100, "") | AU27: =U27 -> 43920 | AV27: =V27*W27 -> 3537270 | AW27: =IF(AND($AV27 >= $BM$2, $W27 >= $BN$2), ($W27 / $BO$2) * 100, "") | BC27: 45867 | BD27: 1.6281353e+08 | BF27: 45911 | BG27: 31544176
A28: 43921 | B28: 4260 | C28: 266 | D28: =(B28-B27)/B27 -> -0.04488588 | F28: Volume recorded | G28: {=_xlfn.XLOOKUP(G27:N27, INDEX(_xlfn.ANCHORARRAY(A2), , 1), INDEX(_xlfn.ANCHORARRAY(A2), , 3), , 0, 2)} -> 23978727 | H28: 23978727 | I28: 23978727 | J28: 33500140 | K28: 33500140 | L28: 33500140 | M28: 33500140 | N28: 33500140 | P28: 6 months | Q28: =TODAY()-180 -> 45918 | U28: 43921 | V28: 2835 | W28: 2570 | X28: =(V28-V27)/V27 -> -0.045454545 | Z28: Volume recorded | AA28: {=_xlfn.XLOOKUP(AA27:AH27, INDEX(_xlfn.ANCHORARRAY(U2), , 1), INDEX(_xlfn.ANCHORARRAY(U2), , 3), , 0, 2)} -> 3688887 | AB28: 3864988 | AC28: 3864988 | AD28: 6486726 | AE28: 6486726 | AF28: 6486726 | AG28: 6486726 | AH28: 6486726 | AJ28: 6 months | AK28: =TODAY()-180 -> 45918 | AR28: =A28 -> 43921 | AS28: =B28*C28 -> 1133160 | AT28: =IF(AND($AS28 >= $BI$2, $C28 >= $BJ$2), ($C28 / $BK$2) * 100, "") | AU28: =U28 -> 43921 | AV28: =V28*W28 -> 7285950 | AW28: =IF(AND($AV28 >= $BM$2, $W28 >= $BN$2), ($W28 / $BO$2) * 100, "") | BC28: 45868 | BD28: 2.5754467e+08 | BF28: 45912 | BG28: 19252328
A29: 43922 | B29: 3910 | C29: 814 | D29: =(B29-B28)/B28 -> -0.082159624 | F29: Price recorded | G29: {=_xlfn.XLOOKUP(G27:N27, INDEX(_xlfn.ANCHORARRAY(A2), , 1), INDEX(_xlfn.ANCHORARRAY(A2), , 2), , 0, 2)} -> 18.4 | H29: 18.4 | I29: 18.4 | J29: 22.44 | K29: 22.44 | L29: 22.44 | M29: 22.44 | N29: 22.44 | P29: 12 months | Q29: =TODAY()-365 -> 45733 | U29: 43922 | V29: 2592 | W29: 2681 | X29: =(V29-V28)/V28 -> -0.085714286 | Z29: Price recorded | AA29: {=_xlfn.XLOOKUP(AA27:AH27, INDEX(_xlfn.ANCHORARRAY(U2), , 1), INDEX(_xlfn.ANCHORARRAY(U2), , 2), , 0, 2)} -> 13.73 | AB29: 13.78 | AC29: 13.78 | AD29: 14.44 | AE29: 14.44 | AF29: 14.44 | AG29: 14.44 | AH29: 14.44 | AJ29: 12 months | AK29: =TODAY()-365 -> 45733 | AR29: =A29 -> 43922 | AS29: =B29*C29 -> 3182740 | AT29: =IF(AND($AS29 >= $BI$2, $C29 >= $BJ$2), ($C29 / $BK$2) * 100, "") | AU29: =U29 -> 43922 | AV29: =V29*W29 -> 6949152 | AW29: =IF(AND($AV29 >= $BM$2, $W29 >= $BN$2), ($W29 / $BO$2) * 100, "") | BC29: 45869 | BD29: 2.3503397e+08 | BF29: 45915 | BG29: 16204873
A30: 43923 | B30: 3740 | C30: 664 | D30: =(B30-B29)/B29 -> -0.043478261 | P30: 24 Months | Q30: =TODAY()-730 -> 45368 | U30: 43923 | V30: 2479.5 | W30: 3862 | X30: =(V30-V29)/V29 -> -0.043402778 | AJ30: 24 Months | AK30: =TODAY()-730 -> 45368 | AR30: =A30 -> 43923 | AS30: =B30*C30 -> 2483360 | AT30: =IF(AND($AS30 >= $BI$2, $C30 >= $BJ$2), ($C30 / $BK$2) * 100, "") | AU30: =U30 -> 43923 | AV30: =V30*W30 -> 9575829 | AW30: =IF(AND($AV30 >= $BM$2, $W30 >= $BN$2), ($W30 / $BO$2) * 100, "") | BC30: 45870 | BD30: 1.0920322e+08 | BF30: 45916 | BG30: 18594423
A31: 43924 | B31: 4180 | C31: 560 | D31: =(B31-B30)/B30 -> 0.11764706 | U31: 43924 | V31: 2781 | W31: 2996 | X31: =(V31-V30)/V30 -> 0.1215971 | AR31: =A31 -> 43924 | AS31: =B31*C31 -> 2340800 | AT31: =IF(AND($AS31 >= $BI$2, $C31 >= $BJ$2), ($C31 / $BK$2) * 100, "") | AU31: =U31 -> 43924 | AV31: =V31*W31 -> 8331876 | AW31: =IF(AND($AV31 >= $BM$2, $W31 >= $BN$2), ($W31 / $BO$2) * 100, "") | BC31: 45873 | BD31: 2.7016885e+08 | BF31: 45917 | BG31: 14982679
A32: 43927 | B32: 4690 | C32: 434 | D32: =(B32-B31)/B31 -> 0.12200957 | G32: Maximum Price Period | U32: 43927 | V32: 3114 | W32: 3723 | X32: =(V32-V31)/V31 -> 0.1197411 | AA32: Maximum Price Period | AR32: =A32 -> 43927 | AS32: =B32*C32 -> 2035460 | AT32: =IF(AND($AS32 >= $BI$2, $C32 >= $BJ$2), ($C32 / $BK$2) * 100, "") | AU32: =U32 -> 43927 | AV32: =V32*W32 -> 11593422 | AW32: =IF(AND($AV32 >= $BM$2, $W32 >= $BN$2), ($W32 / $BO$2) * 100, "") | BC32: 45874 | BD32: 1.588778e+08 | BF32: 45918 | BG32: 28369766
A33: 43928 | B33: 5450 | C33: 666 | D33: =(B33-B32)/B32 -> 0.16204691 | G33: 10 days | H33: 20 days | I33: 1 months | J33: 2 months | K33: 3 months | L33: 6 months | M33: 12 months | N33: 24 months | U33: 43928 | V33: 3591 | W33: 2738 | X33: =(V33-V32)/V32 -> 0.15317919 | AA33: 10 days | AB33: 20 days | AC33: 1 months | AD33: 2 months | AE33: 3 months | AF33: 6 months | AG33: 12 months | AH33: 24 Months | AR33: =A33 -> 43928 | AS33: =B33*C33 -> 3629700 | AT33: =IF(AND($AS33 >= $BI$2, $C33 >= $BJ$2), ($C33 / $BK$2) * 100, "") | AU33: =U33 -> 43928 | AV33: =V33*W33 -> 9832158 | AW33: =IF(AND($AV33 >= $BM$2, $W33 >= $BN$2), ($W33 / $BO$2) * 100, "") | BC33: 45875 | BD33: 1.4214153e+08 | BF33: 45919 | BG33: 14503501
A34: 43929 | B34: 4970 | C34: 556 | D34: =(B34-B33)/B33 -> -0.088073394 | F34: Date | G34: {=_xlfn.LET( _xlpm.Data, _xlfn.DROP(_xlfn.ANCHORARRAY(A2), 1), _xlpm.Filtered, _xlfn._xlws.FILTER(_xlpm.Data, INDEX(_xlpm.Data, , 1) >= Q23), _xlfn.TAKE(_xlfn._xlws.SORT(_xlpm.Filtered, 2, -1), 1, 1) )} -> 46093 | H34: {=_xlfn.LET( _xlpm.Data, _xlfn.DROP(_xlfn.ANCHORARRAY(A2), 1), _xlpm.Filtered, _xlfn._xlws.FILTER(_xlpm.Data, INDEX(_xlpm.Data, , 1) >= Q24), _xlfn.TAKE(_xlfn._xlws.SORT(_xlpm.Filtered, 2, -1), 1, 1) )} -> 46093 | I34: {=_xlfn.LET( _xlpm.Data, _xlfn.DROP(_xlfn.ANCHORARRAY(A2), 1), _xlpm.Filtered, _xlfn._xlws.FILTER(_xlpm.Data, INDEX(_xlpm.Data, , 1) >= Q25), _xlfn.TAKE(_xlfn._xlws.SORT(_xlpm.Filtered, 2, -1), 1, 1) )} -> 46093 | J34: {=_xlfn.LET( _xlpm.Data, _xlfn.DROP(_xlfn.ANCHORARRAY(A2), 1), _xlpm.Filtered, _xlfn._xlws.FILTER(_xlpm.Data, INDEX(_xlpm.Data, , 1) >= Q26), _xlfn.TAKE(_xlfn._xlws.SORT(_xlpm.Filtered, 2, -1), 1, 1) )} -> 46052 | K34: {=_xlfn.LET( _xlpm.Data, _xlfn.DROP(_xlfn.ANCHORARRAY(A2), 1), _xlpm.Filtered, _xlfn._xlws.FILTER(_xlpm.Data, INDEX(_xlpm.Data, , 1) >= Q27), _xlfn.TAKE(_xlfn._xlws.SORT(_xlpm.Filtered, 2, -1), 1, 1) )} -> 46052 | L34: {=_xlfn.LET( _xlpm.Data, _xlfn.DROP(_xlfn.ANCHORARRAY(A2), 1), _xlpm.Filtered, _xlfn._xlws.FILTER(_xlpm.Data, INDEX(_xlpm.Data, , 1) >= Q28), _xlfn.TAKE(_xlfn._xlws.SORT(_xlpm.Filtered, 2, -1), 1, 1) )} -> 45996 | M34: {=_xlfn.LET( _xlpm.Data, _xlfn.DROP(_xlfn.ANCHORARRAY(A2), 1), _xlpm.Filtered, _xlfn._xlws.FILTER(_xlpm.Data, INDEX(_xlpm.Data, , 1) >= Q29), _xlfn.TAKE(_xlfn._xlws.SORT(_xlpm.Filtered, 2, -1), 1, 1) )} -> 45735 | N34: {=_xlfn.LET( _xlpm.Data, _xlfn.DROP(_xlfn.ANCHORARRAY(A2), 1), _xlpm.Filtered, _xlfn._xlws.FILTER(_xlpm.Data, INDEX(_xlpm.Data, , 1) >= Q30), _xlfn.TAKE(_xlfn._xlws.SORT(_xlpm.Filtered, 2, -1), 1, 1) )} -> 45454 | U34: 43929 | V34: 3249 | W34: 2807 | X34: =(V34-V33)/V33 -> -0.095238095 | Z34: Date | AA34: {=_xlfn.LET( _xlpm.Data, _xlfn.DROP(_xlfn.ANCHORARRAY(U2), 1), _xlpm.Filtered, _xlfn._xlws.FILTER(_xlpm.Data, INDEX(_xlpm.Data, , 1) >= AK23), _xlfn.TAKE(_xlfn._xlws.SORT(_xlpm.Filtered, 2, -1), 1, 1) )} -> 46093 | AB34: {=_xlfn.LET( _xlpm.Data, _xlfn.DROP(_xlfn.ANCHORARRAY(U2), 1), _xlpm.Filtered, _xlfn._xlws.FILTER(_xlpm.Data, INDEX(_xlpm.Data, , 1) >= AK24), _xlfn.TAKE(_xlfn._xlws.SORT(_xlpm.Filtered, 2, -1), 1, 1) )} -> 46093 | AC34: {=_xlfn.LET( _xlpm.Data, _xlfn.DROP(_xlfn.ANCHORARRAY(U2), 1), _xlpm.Filtered, _xlfn._xlws.FILTER(_xlpm.Data, INDEX(_xlpm.Data, , 1) >= AK25), _xlfn.TAKE(_xlfn._xlws.SORT(_xlpm.Filtered, 2, -1), 1, 1) )} -> 46093 | AD34: {=_xlfn.LET( _xlpm.Data, _xlfn.DROP(_xlfn.ANCHORARRAY(U2), 1), _xlpm.Filtered, _xlfn._xlws.FILTER(_xlpm.Data, INDEX(_xlpm.Data, , 1) >= AK26), _xlfn.TAKE(_xlfn._xlws.SORT(_xlpm.Filtered, 2, -1), 1, 1) )} -> 46052 | AE34: {=_xlfn.LET( _xlpm.Data, _xlfn.DROP(_xlfn.ANCHORARRAY(U2), 1), _xlpm.Filtered, _xlfn._xlws.FILTER(_xlpm.Data, INDEX(_xlpm.Data, , 1) >= AK27), _xlfn.TAKE(_xlfn._xlws.SORT(_xlpm.Filtered, 2, -1), 1, 1) )} -> 46052 | AF34: {=_xlfn.LET( _xlpm.Data, _xlfn.DROP(_xlfn.ANCHORARRAY(U2), 1), _xlpm.Filtered, _xlfn._xlws.FILTER(_xlpm.Data, INDEX(_xlpm.Data, , 1) >= AK28), _xlfn.TAKE(_xlfn._xlws.SORT(_xlpm.Filtered, 2, -1), 1, 1) )} -> 46052 | AG34: {=_xlfn.LET( _xlpm.Data, _xlfn.DROP(_xlfn.ANCHORARRAY(U2), 1), _xlpm.Filtered, _xlfn._xlws.FILTER(_xlpm.Data, INDEX(_xlpm.Data, , 1) >= AK29), _xlfn.TAKE(_xlfn._xlws.SORT(_xlpm.Filtered, 2, -1), 1, 1) )} -> 45735 | AH34: {=_xlfn.LET( _xlpm.Data, _xlfn.DROP(_xlfn.ANCHORARRAY(U2), 1), _xlpm.Filtered, _xlfn._xlws.FILTER(_xlpm.Data, INDEX(_xlpm.Data, , 1) >= AK30), _xlfn.TAKE(_xlfn._xlws.SORT(_xlpm.Filtered, 2, -1), 1, 1) )} -> 45454 | AR34: =A34 -> 43929 | AS34: =B34*C34 -> 2763320 | AT34: =IF(AND($AS34 >= $BI$2, $C34 >= $BJ$2), ($C34 / $BK$2) * 100, "") | AU34: =U34 -> 43929 | AV34: =V34*W34 -> 9119943 | AW34: =IF(AND($AV34 >= $BM$2, $W34 >= $BN$2), ($W34 / $BO$2) * 100, "") | BC34: 45876 | BD34: 1.468209e+08 | BF34: 45922 | BG34: 20218622
A35: 43930 | B35: 4800 | C35: 320 | D35: =(B35-B34)/B34 -> -0.034205231 | F35: Volume recorded | G35: {=_xlfn.XLOOKUP(G34:N34, INDEX(_xlfn.ANCHORARRAY(A2), , 1), INDEX(_xlfn.ANCHORARRAY(A2), , 3), , 0, 2)} -> 11540327 | H35: 11540327 | I35: 11540327 | J35: 18659908 | K35: 18659908 | L35: 16625164 | M35: 1773345 | N35: 1941279 | U35: 43930 | V35: 3118.5 | W35: 3007 | X35: =(V35-V34)/V34 -> -0.040166205 | Z35: Volume recorded | AA35: {=_xlfn.XLOOKUP(AA34:AH34, INDEX(_xlfn.ANCHORARRAY(U2), , 1), INDEX(_xlfn.ANCHORARRAY(U2), , 3), , 0, 2)} -> 1558382 | AB35: 1558382 | AC35: 1558382 | AD35: 2386268 | AE35: 2386268 | AF35: 2386268 | AG35: 185694 | AH35: 568873 | AR35: =A35 -> 43930 | AS35: =B35*C35 -> 1536000 | AT35: =IF(AND($AS35 >= $BI$2, $C35 >= $BJ$2), ($C35 / $BK$2) * 100, "") | AU35: =U35 -> 43930 | AV35: =V35*W35 -> 9377329.5 | AW35: =IF(AND($AV35 >= $BM$2, $W35 >= $BN$2), ($W35 / $BO$2) * 100, "") | BC35: 45877 | BD35: 1.7333316e+08 | BF35: 45923 | BG35: 18053693
A36: 43934 | B36: 4890 | C36: 350 | D36: =(B36-B35)/B35 -> 0.01875 | F36: Price recorded | G36: {=_xlfn.XLOOKUP(G34:N34, INDEX(_xlfn.ANCHORARRAY(A2), , 1), INDEX(_xlfn.ANCHORARRAY(A2), , 2), , 0, 2)} -> 20.3 | H36: 20.3 | I36: 20.3 | J36: 40.67 | K36: 40.67 | L36: 43.62 | M36: 92.37 | N36: 118.3 | U36: 43934 | V36: 3204 | W36: 2413 | X36: =(V36-V35)/V35 -> 0.027417027 | Z36: Price recorded | AA36: {=_xlfn.XLOOKUP(AA34:AH34, INDEX(_xlfn.ANCHORARRAY(U2), , 1), INDEX(_xlfn.ANCHORARRAY(U2), , 2), , 0, 2)} -> 15.11 | AB36: 15.11 | AC36: 15.11 | AD36: 30.26 | AE36: 30.26 | AF36: 30.26 | AG36: 61.91 | AH36: 78.48 | AR36: =A36 -> 43934 | AS36: =B36*C36 -> 1711500 | AT36: =IF(AND($AS36 >= $BI$2, $C36 >= $BJ$2), ($C36 / $BK$2) * 100, "") | AU36: =U36 -> 43934 | AV36: =V36*W36 -> 7731252 | AW36: =IF(AND($AV36 >= $BM$2, $W36 >= $BN$2), ($W36 / $BO$2) * 100, "") | BC36: 45880 | BD36: 1.1435345e+08 | BF36: 45924 | BG36: 16259585
A37: 43935 | B37: 4520 | C37: 369 | D37: =(B37-B36)/B36 -> -0.075664622 | U37: 43935 | V37: 2979 | W37: 1940 | X37: =(V37-V36)/V36 -> -0.070224719 | AR37: =A37 -> 43935 | AS37: =B37*C37 -> 1667880 | AT37: =IF(AND($AS37 >= $BI$2, $C37 >= $BJ$2), ($C37 / $BK$2) * 100, "") | AU37: =U37 -> 43935 | AV37: =V37*W37 -> 5779260 | AW37: =IF(AND($AV37 >= $BM$2, $W37 >= $BN$2), ($W37 / $BO$2) * 100, "") | BC37: 45881 | BD37: 3.1323911e+08 | BF37: 45925 | BG37: 33011332
A38: 43936 | B38: 4200 | C38: 656 | D38: =(B38-B37)/B37 -> -0.07079646 | F38: Stock Split History | G38: Ratio | U38: 43936 | V38: 2727 | W38: 2180 | X38: =(V38-V37)/V37 -> -0.084592145 | Z38: Stock Split History | AA38: Ratio | AR38: =A38 -> 43936 | AS38: =B38*C38 -> 2755200 | AT38: =IF(AND($AS38 >= $BI$2, $C38 >= $BJ$2), ($C38 / $BK$2) * 100, "") | AU38: =U38 -> 43936 | AV38: =V38*W38 -> 5944860 | AW38: =IF(AND($AV38 >= $BM$2, $W38 >= $BN$2), ($W38 / $BO$2) * 100, "") | BC38: 45882 | BD38: 1.4201322e+08 | BF38: 45926 | BG38: 23565288
A39: 43937 | B39: 4600 | C39: 1102 | D39: =(B39-B38)/B38 -> 0.095238095 | F39: 41040 | G39: 0.045138889 | U39: 43937 | V39: 3033 | W39: 3441 | X39: =(V39-V38)/V38 -> 0.11221122 | Z39: 39918 | AA39: 0.044444444 | AR39: =A39 -> 43937 | AS39: =B39*C39 -> 5069200 | AT39: =IF(AND($AS39 >= $BI$2, $C39 >= $BJ$2), ($C39 / $BK$2) * 100, "") | AU39: =U39 -> 43937 | AV39: =V39*W39 -> 10436553 | AW39: =IF(AND($AV39 >= $BM$2, $W39 >= $BN$2), ($W39 / $BO$2) * 100, "") | BC39: 45883 | BD39: 1.5177347e+08 | BF39: 45929 | BG39: 16805622
A40: 43938 | B40: 4770 | C40: 405 | D40: =(B40-B39)/B39 -> 0.036956522 | F40: 42144 | G40: 0.044444444 | U40: 43938 | V40: 3231 | W40: 3187 | X40: =(V40-V39)/V39 -> 0.065281899 | Z40: 40072 | AA40: 0.045138889 | AR40: =A40 -> 43938 | AS40: =B40*C40 -> 1931850 | AT40: =IF(AND($AS40 >= $BI$2, $C40 >= $BJ$2), ($C40 / $BK$2) * 100, "") | AU40: =U40 -> 43938 | AV40: =V40*W40 -> 10297197 | AW40: =IF(AND($AV40 >= $BM$2, $W40 >= $BN$2), ($W40 / $BO$2) * 100, "") | BC40: 45884 | BD40: 1.8312996e+08 | BF40: 45930 | BG40: 23114842
A41: 43941 | B41: 5495 | C41: 896 | D41: =(B41-B40)/B40 -> 0.15199161 | F41: 43179 | G41: 0.045138889 | U41: 43941 | V41: 3762 | W41: 4640 | X41: =(V41-V40)/V40 -> 0.1643454 | Z41: 40490 | AA41: 0.043055556 | AR41: =A41 -> 43941 | AS41: =B41*C41 -> 4923520 | AT41: =IF(AND($AS41 >= $BI$2, $C41 >= $BJ$2), ($C41 / $BK$2) * 100, "") | AU41: =U41 -> 43941 | AV41: =V41*W41 -> 17455680 | AW41: =IF(AND($AV41 >= $BM$2, $W41 >= $BN$2), ($W41 / $BO$2) * 100, "") | BC41: 45887 | BD41: 1.3945646e+08 | BF41: 45931 | BG41: 45808824
A42: 43942 | B42: 5220 | C42: 1706 | D42: =(B42-B41)/B41 -> -0.050045496 | F42: 43942 | G42: 0.048611111 | U42: 43942 | V42: 3465 | W42: 3865 | X42: =(V42-V41)/V41 -> -0.078947368 | Z42: 40870 | AA42: 0.044444444 | AR42: =A42 -> 43942 | AS42: =B42*C42 -> 8905320 | AT42: =IF(AND($AS42 >= $BI$2, $C42 >= $BJ$2), ($C42 / $BK$2) * 100, "") | AU42: =U42 -> 43942 | AV42: =V42*W42 -> 13392225 | AW42: =IF(AND($AV42 >= $BM$2, $W42 >= $BN$2), ($W42 / $BO$2) * 100, "") | BC42: 45888 | BD42: 2.536748e+08 | BF42: 45932 | BG42: 31541481
A43: 43943 | B43: 5500 | C43: 668 | D43: =(B43-B42)/B42 -> 0.053639847 | F43: 45100 | G43: 0.055555556 | U43: 43943 | V43: 3699 | W43: 3250 | X43: =(V43-V42)/V42 -> 0.067532468 | Z43: 41012 | AA43: 0.044444444 | AR43: =A43 -> 43943 | AS43: =B43*C43 -> 3674000 | AT43: =IF(AND($AS43 >= $BI$2, $C43 >= $BJ$2), ($C43 / $BK$2) * 100, "") | AU43: =U43 -> 43943 | AV43: =V43*W43 -> 12021750 | AW43: =IF(AND($AV43 >= $BM$2, $W43 >= $BN$2), ($W43 / $BO$2) * 100, "") | BC43: 45889 | BD43: 1.3161213e+08 | BF43: 45933 | BG43: 27510267
A44: 43944 | B44: 5140 | C44: 386 | D44: =(B44-B43)/B43 -> -0.065454545 | F44: 45603 | G44: 0.045138889 | L44: Start Date | U44: 43944 | V44: 3339 | W44: 5800 | X44: =(V44-V43)/V43 -> -0.097323601 | Z44: 42334 | AA44: 0.048611111 | AF44: Start Date | AR44: =A44 -> 43944 | AS44: =B44*C44 -> 1984040 | AT44: =IF(AND($AS44 >= $BI$2, $C44 >= $BJ$2), ($C44 / $BK$2) * 100, "") | AU44: =U44 -> 43944 | AV44: =V44*W44 -> 19366200 | AW44: =IF(AND($AV44 >= $BM$2, $W44 >= $BN$2), ($W44 / $BO$2) * 100, "") | BC44: 45890 | BD44: 1.5494177e+08 | BF44: 45936 | BG44: 25650207
A45: 43945 | B45: 4908 | C45: 985 | D45: =(B45-B44)/B44 -> -0.045136187 | L45: 45831 | U45: 43945 | V45: 3096 | W45: 3272 | X45: =(V45-V44)/V44 -> -0.07277628 | Z45: 43528 | AA45: 0.045138889 | AF45: 45875 | AR45: =A45 -> 43945 | AS45: =B45*C45 -> 4834380 | AT45: =IF(AND($AS45 >= $BI$2, $C45 >= $BJ$2), ($C45 / $BK$2) * 100, "") | AU45: =U45 -> 43945 | AV45: =V45*W45 -> 10130112 | AW45: =IF(AND($AV45 >= $BM$2, $W45 >= $BN$2), ($W45 / $BO$2) * 100, "") | BC45: 45891 | BD45: 1.8797377e+08 | BF45: 45937 | BG45: 28088339
A46: 43948 | B46: 5075 | C46: 2111 | D46: =(B46-B45)/B45 -> 0.03402608 | U46: 43948 | V46: 3231 | W46: 5089 | X46: =(V46-V45)/V45 -> 0.043604651 | Z46: 43976 | AA46: 0.045138889 | AR46: =A46 -> 43948 | AS46: =B46*C46 -> 10713325 | AT46: =IF(AND($AS46 >= $BI$2, $C46 >= $BJ$2), ($C46 / $BK$2) * 100, "") | AU46: =U46 -> 43948 | AV46: =V46*W46 -> 16442559 | AW46: =IF(AND($AV46 >= $BM$2, $W46 >= $BN$2), ($W46 / $BO$2) * 100, "") | BC46: 45894 | BD46: 137060154 | BF46: 45938 | BG46: 39994162
A47: 43949 | B47: 5151 | C47: 1652 | D47: =(B47-B46)/B46 -> 0.014975369 | U47: 43949 | V47: 3321 | W47: 3454 | X47: =(V47-V46)/V46 -> 0.027855153 | Z47: 44978 | AA47: 0.052083333 | AR47: =A47 -> 43949 | AS47: =B47*C47 -> 8509452 | AT47: =IF(AND($AS47 >= $BI$2, $C47 >= $BJ$2), ($C47 / $BK$2) * 100, "") | AU47: =U47 -> 43949 | AV47: =V47*W47 -> 11470734 | AW47: =IF(AND($AV47 >= $BM$2, $W47 >= $BN$2), ($W47 / $BO$2) * 100, "") | BC47: 45895 | BD47: 1.6508099e+08 | BF47: 45939 | BG47: 23459015
A48: 43950 | B48: 4831 | C48: 1220 | D48: =(B48-B47)/B47 -> -0.062123859 | U48: 43950 | V48: 3087 | W48: 4114 | X48: =(V48-V47)/V47 -> -0.070460705 | Z48: 45624 | AA48: 0.05 | AR48: =A48 -> 43950 | AS48: =B48*C48 -> 5893820 | AT48: =IF(AND($AS48 >= $BI$2, $C48 >= $BJ$2), ($C48 / $BK$2) * 100, "") | AU48: =U48 -> 43950 | AV48: =V48*W48 -> 12699918 | AW48: =IF(AND($AV48 >= $BM$2, $W48 >= $BN$2), ($W48 / $BO$2) * 100, "") | BC48: 45896 | BD48: 2.0164741e+08 | BF48: 45940 | BG48: 22792860
A49: 43951 | B49: 5104.61 | C49: 1555 | D49: =(B49-B48)/B48 -> 0.056636307 | U49: 43951 | V49: 3294 | W49: 3525 | X49: =(V49-V48)/V48 -> 0.067055394 | AR49: =A49 -> 43951 | AS49: =B49*C49 -> 7937668.5 | AT49: =IF(AND($AS49 >= $BI$2, $C49 >= $BJ$2), ($C49 / $BK$2) * 100, "") | AU49: =U49 -> 43951 | AV49: =V49*W49 -> 11611350 | AW49: =IF(AND($AV49 >= $BM$2, $W49 >= $BN$2), ($W49 / $BO$2) * 100, "") | BC49: 45897 | BD49: 1.9269542e+08 | BF49: 45944 | BG49: 20263774
A50: 43952 | B50: 4945 | C50: 1407 | D50: =(B50-B49)/B49 -> -0.031267815 | U50: 43952 | V50: 3096 | W50: 3399 | X50: =(V50-V49)/V49 -> -0.06010929 | AR50: =A50 -> 43952 | AS50: =B50*C50 -> 6957615 | AT50: =IF(AND($AS50 >= $BI$2, $C50 >= $BJ$2), ($C50 / $BK$2) * 100, "") | AU50: =U50 -> 43952 | AV50: =V50*W50 -> 10523304 | AW50: =IF(AND($AV50 >= $BM$2, $W50 >= $BN$2), ($W50 / $BO$2) * 100, "") | BC50: 45898 | BD50: 1.6770742e+08 | BF50: 45945 | BG50: 23710064
A51: 43955 | B51: 5429 | C51: 2223 | D51: =(B51-B50)/B50 -> 0.097876643 | U51: 43955 | V51: 3456 | W51: 3623 | X51: =(V51-V50)/V50 -> 0.11627907 | AR51: =A51 -> 43955 | AS51: =B51*C51 -> 12068667 | AT51: =IF(AND($AS51 >= $BI$2, $C51 >= $BJ$2), ($C51 / $BK$2) * 100, "") | AU51: =U51 -> 43955 | AV51: =V51*W51 -> 12521088 | AW51: =IF(AND($AV51 >= $BM$2, $W51 >= $BN$2), ($W51 / $BO$2) * 100, "") | BC51: 45902 | BD51: 1.8761276e+08 | BF51: 45946 | BG51: 26884144
A52: 43956 | B52: 5637 | C52: 2421 | D52: =(B52-B51)/B51 -> 0.038312765 | U52: 43956 | V52: 3807 | W52: 5455 | X52: =(V52-V51)/V51 -> 0.1015625 | AR52: =A52 -> 43956 | AS52: =B52*C52 -> 13647177 | AT52: =IF(AND($AS52 >= $BI$2, $C52 >= $BJ$2), ($C52 / $BK$2) * 100, "") | AU52: =U52 -> 43956 | AV52: =V52*W52 -> 20767185 | AW52: =IF(AND($AV52 >= $BM$2, $W52 >= $BN$2), ($W52 / $BO$2) * 100, "") | BC52: 45903 | BD52: 1.6097637e+08 | BF52: 45947 | BG52: 18744089
A53: 43957 | B53: 5158 | C53: 1930 | D53: =(B53-B52)/B52 -> -0.084974277 | U53: 43957 | V53: 3271.5 | W53: 5085 | X53: =(V53-V52)/V52 -> -0.14066194 | AR53: =A53 -> 43957 | AS53: =B53*C53 -> 9954940 | AT53: =IF(AND($AS53 >= $BI$2, $C53 >= $BJ$2), ($C53 / $BK$2) * 100, "") | AU53: =U53 -> 43957 | AV53: =V53*W53 -> 16635578 | AW53: =IF(AND($AV53 >= $BM$2, $W53 >= $BN$2), ($W53 / $BO$2) * 100, "") | BC53: 45904 | BD53: 1.5964967e+08 | BF53: 45950 | BG53: 65068473
A54: 43958 | B54: 4916 | C54: 1685 | D54: =(B54-B53)/B53 -> -0.04691741 | U54: 43958 | V54: 3114 | W54: 4201 | X54: =(V54-V53)/V53 -> -0.048143054 | AR54: =A54 -> 43958 | AS54: =B54*C54 -> 8283460 | AT54: =IF(AND($AS54 >= $BI$2, $C54 >= $BJ$2), ($C54 / $BK$2) * 100, "") | AU54: =U54 -> 43958 | AV54: =V54*W54 -> 13081914 | AW54: =IF(AND($AV54 >= $BM$2, $W54 >= $BN$2), ($W54 / $BO$2) * 100, "") | BC54: 45905 | BD54: 1.2224537e+08 | BF54: 45951 | BG54: 25629831
A55: 43959 | B55: 4716 | C55: 899 | D55: =(B55-B54)/B54 -> -0.040683483 | U55: 43959 | V55: 2925 | W55: 4388 | X55: =(V55-V54)/V54 -> -0.060693642 | AR55: =A55 -> 43959 | AS55: =B55*C55 -> 4239684 | AT55: =IF(AND($AS55 >= $BI$2, $C55 >= $BJ$2), ($C55 / $BK$2) * 100, "") | AU55: =U55 -> 43959 | AV55: =V55*W55 -> 12834900 | AW55: =IF(AND($AV55 >= $BM$2, $W55 >= $BN$2), ($W55 / $BO$2) * 100, "") | BC55: 45908 | BD55: 1.1897631e+08 | BF55: 45952 | BG55: 21309581
A56: 43962 | B56: 4783 | C56: 469 | D56: =(B56-B55)/B55 -> 0.014206955 | U56: 43962 | V56: 2952 | W56: 4901 | X56: =(V56-V55)/V55 -> 0.0092307692 | AR56: =A56 -> 43962 | AS56: =B56*C56 -> 2243227 | AT56: =IF(AND($AS56 >= $BI$2, $C56 >= $BJ$2), ($C56 / $BK$2) * 100, "") | AU56: =U56 -> 43962 | AV56: =V56*W56 -> 14467752 | AW56: =IF(AND($AV56 >= $BM$2, $W56 >= $BN$2), ($W56 / $BO$2) * 100, "") | BC56: 45909 | BD56: 1.5224151e+08 | BF56: 45953 | BG56: 20838372
A57: 43963 | B57: 4146 | C57: 1275 | D57: =(B57-B56)/B56 -> -0.13318001 | U57: 43963 | V57: 2565 | W57: 6354 | X57: =(V57-V56)/V56 -> -0.13109756 | AR57: =A57 -> 43963 | AS57: =B57*C57 -> 5286150 | AT57: =IF(AND($AS57 >= $BI$2, $C57 >= $BJ$2), ($C57 / $BK$2) * 100, "") | AU57: =U57 -> 43963 | AV57: =V57*W57 -> 16298010 | AW57: =IF(AND($AV57 >= $BM$2, $W57 >= $BN$2), ($W57 / $BO$2) * 100, "") | BC57: 45910 | BD57: 1.3003191e+08 | BF57: 45954 | BG57: 33185481
A58: 43964 | B58: 3803 | C58: 1340 | D58: =(B58-B57)/B57 -> -0.082730342 | U58: 43964 | V58: 2344.5 | W58: 5039 | X58: =(V58-V57)/V57 -> -0.085964912 | AR58: =A58 -> 43964 | AS58: =B58*C58 -> 5096020 | AT58: =IF(AND($AS58 >= $BI$2, $C58 >= $BJ$2), ($C58 / $BK$2) * 100, "") | AU58: =U58 -> 43964 | AV58: =V58*W58 -> 11813936 | AW58: =IF(AND($AV58 >= $BM$2, $W58 >= $BN$2), ($W58 / $BO$2) * 100, "") | BC58: 45911 | BD58: 1.9707561e+08 | BF58: 45957 | BG58: 22750313
A59: 43965 | B59: 3749 | C59: 1408 | D59: =(B59-B58)/B58 -> -0.014199316 | U59: 43965 | V59: 2322 | W59: 5303 | X59: =(V59-V58)/V58 -> -0.009596929 | AR59: =A59 -> 43965 | AS59: =B59*C59 -> 5278592 | AT59: =IF(AND($AS59 >= $BI$2, $C59 >= $BJ$2), ($C59 / $BK$2) * 100, "") | AU59: =U59 -> 43965 | AV59: =V59*W59 -> 12313566 | AW59: =IF(AND($AV59 >= $BM$2, $W59 >= $BN$2), ($W59 / $BO$2) * 100, "") | BC59: 45912 | BD59: 1.2751732e+08 | BF59: 45958 | BG59: 29948549
A60: 43966 | B60: 3623 | C60: 1279 | D60: =(B60-B59)/B59 -> -0.033608962 | U60: 43966 | V60: 2241 | W60: 4236 | X60: =(V60-V59)/V59 -> -0.034883721 | AR60: =A60 -> 43966 | AS60: =B60*C60 -> 4633817 | AT60: =IF(AND($AS60 >= $BI$2, $C60 >= $BJ$2), ($C60 / $BK$2) * 100, "") | AU60: =U60 -> 43966 | AV60: =V60*W60 -> 9492876 | AW60: =IF(AND($AV60 >= $BM$2, $W60 >= $BN$2), ($W60 / $BO$2) * 100, "") | BC60: 45915 | BD60: 1.1484559e+08 | BF60: 45959 | BG60: 27034125
... A138: 44078 | B138: 4926 | C138: 4773 | D138: =(B138-B137)/B137 -> 0.044750795 | U138: 44082 | V138: 2518.2 | W138: 11370 | X138: =(V138-V137)/V137 -> -0.14066339 | AR138: =A138 -> 44078 | AS138: =B138*C138 -> 23511798 | AT138: =IF(AND($AS138 >= $BI$2, $C138 >= $BJ$2), ($C138 / $BK$2) * 100, "") | AU138: =U138 -> 44082 | AV138: =V138*W138 -> 28631934 | AW138: =IF(AND($AV138 >= $BM$2, $W138 >= $BN$2), ($W138 / $BO$2) * 100, "") | BC138: 46028 | BD138: 1.8900696e+08 | BF138: 46073 | BG138: 48744749
A139: 44082 | B139: 4523 | C139: 7040 | D139: =(B139-B138)/B138 -> -0.0818108 | U139: 44083 | V139: 2539.8 | W139: 13220 | X139: =(V139-V138)/V138 -> 0.0085775554 | AR139: =A139 -> 44082 | AS139: =B139*C139 -> 31841920 | AT139: =IF(AND($AS139 >= $BI$2, $C139 >= $BJ$2), ($C139 / $BK$2) * 100, "") | AU139: =U139 -> 44083 | AV139: =V139*W139 -> 33576156 | AW139: =IF(AND($AV139 >= $BM$2, $W139 >= $BN$2), ($W139 / $BO$2) * 100, "") | BC139: 46029 | BD139: 1.7058369e+08
A140: 44083 | B140: 4512 | C140: 6381 | D140: =(B140-B139)/B139 -> -0.0024320141 | U140: 44084 | V140: 2401.2 | W140: 10831 | X140: =(V140-V139)/V139 -> -0.054571226 | AR140: =A140 -> 44083 | AS140: =B140*C140 -> 28791072 | AT140: =IF(AND($AS140 >= $BI$2, $C140 >= $BJ$2), ($C140 / $BK$2) * 100, "") | AU140: =U140 -> 44084 | AV140: =V140*W140 -> 26007397 | AW140: =IF(AND($AV140 >= $BM$2, $W140 >= $BN$2), ($W140 / $BO$2) * 100, "") | BC140: 46030 | BD140: 2.4271644e+08
A141: 44084 | B141: 4289 | C141: 6257 | D141: =(B141-B140)/B140 -> -0.049423759 | U141: 44085 | V141: 2286 | W141: 7510 | X141: =(V141-V140)/V140 -> -0.047976012 | AR141: =A141 -> 44084 | AS141: =B141*C141 -> 26836273 | AT141: =IF(AND($AS141 >= $BI$2, $C141 >= $BJ$2), ($C141 / $BK$2) * 100, "") | AU141: =U141 -> 44085 | AV141: =V141*W141 -> 17167860 | AW141: =IF(AND($AV141 >= $BM$2, $W141 >= $BN$2), ($W141 / $BO$2) * 100, "") | BC141: 46031 | BD141: 3.6344604e+08
A142: 44085 | B142: 4081 | C142: 5363 | D142: =(B142-B141)/B141 -> -0.048496153 | U142: 44088 | V142: 2305.8 | W142: 9474 | X142: =(V142-V141)/V141 -> 0.0086614173 | AR142: =A142 -> 44085 | AS142: =B142*C142 -> 21886403 | AT142: =IF(AND($AS142 >= $BI$2, $C142 >= $BJ$2), ($C142 / $BK$2) * 100, "") | AU142: =U142 -> 44088 | AV142: =V142*W142 -> 21845149 | AW142: =IF(AND($AV142 >= $BM$2, $W142 >= $BN$2), ($W142 / $BO$2) * 100, "") | BC142: 46034 | BD142: 283357908
A143: 44088 | B143: 4129 | C143: 8757 | D143: =(B143-B142)/B142 -> 0.011761823 | U143: 44089 | V143: 2295 | W143: 4608 | X143: =(V143-V142)/V142 -> -0.0046838407 | AR143: =A143 -> 44088 | AS143: =B143*C143 -> 36157653 | AT143: =IF(AND($AS143 >= $BI$2, $C143 >= $BJ$2), ($C143 / $BK$2) * 100, "") | AU143: =U143 -> 44089 | AV143: =V143*W143 -> 10575360 | AW143: =IF(AND($AV143 >= $BM$2, $W143 >= $BN$2), ($W143 / $BO$2) * 100, "") | BC143: 46035 | BD143: 2.1212002e+08
A144: 44089 | B144: 4104 | C144: 13630 | D144: =(B144-B143)/B143 -> -0.0060547348 | U144: 44090 | V144: 2170.8 | W144: 7277 | X144: =(V144-V143)/V143 -> -0.054117647 | AR144: =A144 -> 44089 | AS144: =B144*C144 -> 55937520 | AT144: =IF(AND($AS144 >= $BI$2, $C144 >= $BJ$2), ($C144 / $BK$2) * 100, "") | AU144: =U144 -> 44090 | AV144: =V144*W144 -> 15796912 | AW144: =IF(AND($AV144 >= $BM$2, $W144 >= $BN$2), ($W144 / $BO$2) * 100, "") | BC144: 46036 | BD144: 3.5309796e+08
A145: 44090 | B145: 3876 | C145: 6459 | D145: =(B145-B144)/B144 -> -0.055555556 | U145: 44091 | V145: 1999.8 | W145: 22838 | X145: =(V145-V144)/V144 -> -0.078772803 | AR145: =A145 -> 44090 | AS145: =B145*C145 -> 25035084 | AT145: =IF(AND($AS145 >= $BI$2, $C145 >= $BJ$2), ($C145 / $BK$2) * 100, "") | AU145: =U145 -> 44091 | AV145: =V145*W145 -> 45671432 | AW145: =IF(AND($AV145 >= $BM$2, $W145 >= $BN$2), ($W145 / $BO$2) * 100, "") | BC145: 46037 | BD145: 2.2466582e+08
A146: 44091 | B146: 3583 | C146: 16347 | D146: =(B146-B145)/B145 -> -0.075593395 | U146: 44092 | V146: 2141.1 | W146: 9652 | X146: =(V146-V145)/V145 -> 0.070657066 | AR146: =A146 -> 44091 | AS146: =B146*C146 -> 58571301 | AT146: =IF(AND($AS146 >= $BI$2, $C146 >= $BJ$2), ($C146 / $BK$2) * 100, "") | AU146: =U146 -> 44092 | AV146: =V146*W146 -> 20665897 | AW146: =IF(AND($AV146 >= $BM$2, $W146 >= $BN$2), ($W146 / $BO$2) * 100, "") | BC146: 46038 | BD146: 1.8900625e+08
A147: 44092 | B147: 3824 | C147: 9487 | D147: =(B147-B146)/B146 -> 0.067262071 | U147: 44095 | V147: 2253.6 | W147: 26780 | X147: =(V147-V146)/V146 -> 0.052543085 | AR147: =A147 -> 44092 | AS147: =B147*C147 -> 36278288 | AT147: =IF(AND($AS147 >= $BI$2, $C147 >= $BJ$2), ($C147 / $BK$2) * 100, "") | AU147: =U147 -> 44095 | AV147: =V147*W147 -> 60351408 | AW147: =IF(AND($AV147 >= $BM$2, $W147 >= $BN$2), ($W147 / $BO$2) * 100, "") | BC147: 46042 | BD147: 7.5174314e+08
A148: 44095 | B148: 4026 | C148: 12935 | D148: =(B148-B147)/B147 -> 0.052824268 | U148: 44096 | V148: 2061 | W148: 16885 | X148: =(V148-V147)/V147 -> -0.085463259 | AR148: =A148 -> 44095 | AS148: =B148*C148 -> 52076310 | AT148: =IF(AND($AS148 >= $BI$2, $C148 >= $BJ$2), ($C148 / $BK$2) * 100, "") | AU148: =U148 -> 44096 | AV148: =V148*W148 -> 34799985 | AW148: =IF(AND($AV148 >= $BM$2, $W148 >= $BN$2), ($W148 / $BO$2) * 100, "") | BC148: 46043 | BD148: 874104426
A149: 44096 | B149: 3684 | C149: 10293 | D149: =(B149-B148)/B148 -> -0.084947839 | U149: 44097 | V149: 2399.4 | W149: 17478 | X149: =(V149-V148)/V148 -> 0.16419214 | AR149: =A149 -> 44096 | AS149: =B149*C149 -> 37919412 | AT149: =IF(AND($AS149 >= $BI$2, $C149 >= $BJ$2), ($C149 / $BK$2) * 100, "") | AU149: =U149 -> 44097 | AV149: =V149*W149 -> 41936713 | AW149: =IF(AND($AV149 >= $BM$2, $W149 >= $BN$2), ($W149 / $BO$2) * 100, "") | BC149: 46044 | BD149: 8.1035947e+08
A150: 44097 | B150: 4286 | C150: 17316 | D150: =(B150-B149)/B149 -> 0.16340934 | U150: 44098 | V150: 2505.6 | W150: 16961 | X150: =(V150-V149)/V149 -> 0.044261065 | AR150: =A150 -> 44097 | AS150: =B150*C150 -> 74216376 | AT150: =IF(AND($AS150 >= $BI$2, $C150 >= $BJ$2), ($C150 / $BK$2) * 100, "") | AU150: =U150 -> 44098 | AV150: =V150*W150 -> 42497482 | AW150: =IF(AND($AV150 >= $BM$2, $W150 >= $BN$2), ($W150 / $BO$2) * 100, "") | BC150: 46045 | BD150: 5.888801e+08
... A169: 44124 | B169: 4095 | C169: 7861 | D169: =(B169-B168)/B168 -> -0.016334374 | U169: 44126 | V169: 2194.2 | W169: 8388 | X169: =(V169-V168)/V168 -> -0.043921569 | AR169: =A169 -> 44124 | AS169: =B169*C169 -> 32190795 | AT169: =IF(AND($AS169 >= $BI$2, $C169 >= $BJ$2), ($C169 / $BK$2) * 100, "") | AU169: =U169 -> 44126 | AV169: =V169*W169 -> 18404950 | AW169: =IF(AND($AV169 >= $BM$2, $W169 >= $BN$2), ($W169 / $BO$2) * 100, "") | BC169: 46073 | BD169: 2.3564703e+08
A170: 44125 | B170: 4253 | C170: 6341 | D170: =(B170-B169)/B169 -> 0.038583639 | U170: 44127 | V170: 2088.9 | W170: 7189 | X170: =(V170-V169)/V169 -> -0.047990156 | AR170: =A170 -> 44125 | AS170: =B170*C170 -> 26968273 | AT170: =IF(AND($AS170 >= $BI$2, $C170 >= $BJ$2), ($C170 / $BK$2) * 100, "") | AU170: =U170 -> 44127 | AV170: =V170*W170 -> 15017102 | AW170: =IF(AND($AV170 >= $BM$2, $W170 >= $BN$2), ($W170 / $BO$2) * 100, "")
A171: 44126 | B171: 4073 | C171: 7771 | D171: =(B171-B170)/B170 -> -0.042323066 | U171: 44130 | V171: 2167.2 | W171: 8299 | X171: =(V171-V170)/V170 -> 0.037483843 | AR171: =A171 -> 44126 | AS171: =B171*C171 -> 31651283 | AT171: =IF(AND($AS171 >= $BI$2, $C171 >= $BJ$2), ($C171 / $BK$2) * 100, "") | AU171: =U171 -> 44130 | AV171: =V171*W171 -> 17985593 | AW171: =IF(AND($AV171 >= $BM$2, $W171 >= $BN$2), ($W171 / $BO$2) * 100, "")
A172: 44127 | B172: 3896 | C172: 6276 | D172: =(B172-B171)/B171 -> -0.043456911 | U172: 44131 | V172: 2242.8 | W172: 8779 | X172: =(V172-V171)/V171 -> 0.034883721 | AR172: =A172 -> 44127 | AS172: =B172*C172 -> 24451296 | AT172: =IF(AND($AS172 >= $BI$2, $C172 >= $BJ$2), ($C172 / $BK$2) * 100, "") | AU172: =U172 -> 44131 | AV172: =V172*W172 -> 19689541 | AW172: =IF(AND($AV172 >= $BM$2, $W172 >= $BN$2), ($W172 / $BO$2) * 100, "")
A173: 44130 | B173: 4012 | C173: 7351 | D173: =(B173-B172)/B172 -> 0.029774127 | U173: 44132 | V173: 2215.8 | W173: 7028 | X173: =(V173-V172)/V172 -> -0.012038523 | AR173: =A173 -> 44130 | AS173: =B173*C173 -> 29492212 | AT173: =IF(AND($AS173 >= $BI$2, $C173 >= $BJ$2), ($C173 / $BK$2) * 100, "") | AU173: =U173 -> 44132 | AV173: =V173*W173 -> 15572642 | AW173: =IF(AND($AV173 >= $BM$2, $W173 >= $BN$2), ($W173 / $BO$2) * 100, "")
A174: 44131 | B174: 4130 | C174: 8156 | D174: =(B174-B173)/B173 -> 0.029411765 | U174: 44133 | V174: 2255.4 | W174: 12616 | X174: =(V174-V173)/V173 -> 0.017871649 | AR174: =A174 -> 44131 | AS174: =B174*C174 -> 33684280 | AT174: =IF(AND($AS174 >= $BI$2, $C174 >= $BJ$2), ($C174 / $BK$2) * 100, "") | AU174: =U174 -> 44133 | AV174: =V174*W174 -> 28454126 | AW174: =IF(AND($AV174 >= $BM$2, $W174 >= $BN$2), ($W174 / $BO$2) * 100, "")
A175: 44132 | B175: 4099 | C175: 5777 | D175: =(B175-B174)/B174 -> -0.0075060533 | U175: 44134 | V175: 2320.2 | W175: 7583 | X175: =(V175-V174)/V174 -> 0.028731045 | AR175: =A175 -> 44132 | AS175: =B175*C175 -> 23679923 | AT175: =IF(AND($AS175 >= $BI$2, $C175 >= $BJ$2), ($C175 / $BK$2) * 100, "") | AU175: =U175 -> 44134 | AV175: =V175*W175 -> 17594077 | AW175: =IF(AND($AV175 >= $BM$2, $W175 >= $BN$2), ($W175 / $BO$2) * 100, "")
A176: 44133 | B176: 4164 | C176: 14483 | D176: =(B176-B175)/B175 -> 0.015857526 | U176: 44137 | V176: 2144.7 | W176: 14827 | X176: =(V176-V175)/V175 -> -0.075640031 | AR176: =A176 -> 44133 | AS176: =B176*C176 -> 60307212 | AT176: =IF(AND($AS176 >= $BI$2, $C176 >= $BJ$2), ($C176 / $BK$2) * 100, "") | AU176: =U176 -> 44137 | AV176: =V176*W176 -> 31799467 | AW176: =IF(AND($AV176 >= $BM$2, $W176 >= $BN$2), ($W176 / $BO$2) * 100, "")
A177: 44134 | B177: 4278 | C177: 6929 | D177: =(B177-B176)/B176 -> 0.027377522 | U177: 44138 | V177: 1911.6 | W177: 16232 | X177: =(V177-V176)/V176 -> -0.10868653 | AR177: =A177 -> 44134 | AS177: =B177*C177 -> 29642262 | AT177: =IF(AND($AS177 >= $BI$2, $C177 >= $BJ$2), ($C177 / $BK$2) * 100, "") | AU177: =U177 -> 44138 | AV177: =V177*W177 -> 31029091 | AW177: =IF(AND($AV177 >= $BM$2, $W177 >= $BN$2), ($W177 / $BO$2) * 100, "")
A178: 44137 | B178: 4006 | C178: 12055 | D178: =(B178-B177)/B177 -> -0.063581113 | U178: 44139 | V178: 1911.6 | W178: 10236 | X178: =(V178-V177)/V177 -> 0 | AR178: =A178 -> 44137 | AS178: =B178*C178 -> 48292330 | AT178: =IF(AND($AS178 >= $BI$2, $C178 >= $BJ$2), ($C178 / $BK$2) * 100, "") | AU178: =U178 -> 44139 | AV178: =V178*W178 -> 19567138 | AW178: =IF(AND($AV178 >= $BM$2, $W178 >= $BN$2), ($W178 / $BO$2) * 100, "")
A179: 44138 | B179: 3608 | C179: 21430 | D179: =(B179-B178)/B178 -> -0.099350974 | U179: 44140 | V179: 1756.8 | W179: 16448 | X179: =(V179-V178)/V178 -> -0.080979284 | AR179: =A179 -> 44138 | AS179: =B179*C179 -> 77319440 | AT179: =IF(AND($AS179 >= $BI$2, $C179 >= $BJ$2), ($C179 / $BK$2) * 100, "") | AU179: =U179 -> 44140 | AV179: =V179*W179 -> 28895846 | AW179: =IF(AND($AV179 >= $BM$2, $W179 >= $BN$2), ($W179 / $BO$2) * 100, "")
A180: 44139 | B180: 3587 | C180: 14053 | D180: =(B180-B179)/B179 -> -0.0058203991 | U180: 44141 | V180: 1711.8 | W180: 10602 | X180: =(V180-V179)/V179 -> -0.025614754 | AR180: =A180 -> 44139 | AS180: =B180*C180 -> 50408111 | AT180: =IF(AND($AS180 >= $BI$2, $C180 >= $BJ$2), ($C180 / $BK$2) * 100, "") | AU180: =U180 -> 44141 | AV180: =V180*W180 -> 18148504 | AW180: =IF(AND($AV180 >= $BM$2, $W180 >= $BN$2), ($W180 / $BO$2) * 100, "")
A181: 44140 | B181: 3336 | C181: 22304 | D181: =(B181-B180)/B180 -> -0.069974909 | U181: 44144 | V181: 1666.8 | W181: 6019 | X181: =(V181-V180)/V180 -> -0.026288118 | AR181: =A181 -> 44140 | AS181: =B181*C181 -> 74406144 | AT181: =IF(AND($AS181 >= $BI$2, $C181 >= $BJ$2), ($C181 / $BK$2) * 100, "") | AU181: =U181 -> 44144 | AV181: =V181*W181 -> 10032469 | AW181: =IF(AND($AV181 >= $BM$2, $W181 >= $BN$2), ($W181 / $BO$2) * 100, "")
... A1184: 45597 | B1184: 36.45 | C1184: 3100071 | D1184: =(B1184-B1183)/B1183 -> -0.024096386 | U1184: 45604 | V1184: 23.7 | W1184: 627674 | X1184: =(V1184-V1183)/V1183 -> -0.022277228 | AR1184: =A1184 -> 45597 | AS1184: =B1184*C1184 -> 1.1299759e+08 | AT1184: =IF(AND($AS1184 >= $BI$2, $C1184 >= $BJ$2), ($C1184 / $BK$2) * 100, "") | AU1184: =U1184 -> 45604 | AV1184: =V1184*W1184 -> 14875874 | AW1184: =IF(AND($AV1184 >= $BM$2, $W1184 >= $BN$2), ($W1184 / $BO$2) * 100, "")
A1185: 45600 | B1185: 39.25 | C1185: 3379056 | D1185: - | U1185: 45607 | V1185: 27.6 | W1185: 960142 | X1185: =(V1185-V1184)/V1184 -> 0.16455696 | AR1185: =A1185 -> 45600 | AS1185: =B1185*C1185 -> 132627948 | AT1185: =IF(AND($AS1185 >= $BI$2, $C1185 >= $BJ$2), ($C1185 / $BK$2) * 100, "") | AU1185: =U1185 -> 45607 | AV1185: =V1185*W1185 -> 26499919 | AW1185: =IF(AND($AV1185 >= $BM$2, $W1185 >= $BN$2), ($W1185 / $BO$2) * 100, "")
A1186: 45601 | B1186: 36.45 | C1186: 2958574 | D1186: =(B1186-B1185)/B1185 -> -0.07133758 | U1186: 45608 | V1186: 27.6 | W1186: 943069 | X1186: =(V1186-V1185)/V1185 -> 0 | AR1186: =A1186 -> 45601 | AS1186: =B1186*C1186 -> 1.0784002e+08 | AT1186: =IF(AND($AS1186 >= $BI$2, $C1186 >= $BJ$2), ($C1186 / $BK$2) * 100, "") | AU1186: =U1186 -> 45608 | AV1186: =V1186*W1186 -> 26028704 | AW1186: =IF(AND($AV1186 >= $BM$2, $W1186 >= $BN$2), ($W1186 / $BO$2) * 100, "")
A1187: 45602 | B1187: 38.2 | C1187: 2281955 | D1187: =(B1187-B1186)/B1186 -> 0.048010974 | U1187: 45609 | V1187: 29.28 | W1187: 638656 | X1187: =(V1187-V1186)/V1186 -> 0.060869565 | AR1187: =A1187 -> 45602 | AS1187: =B1187*C1187 -> 87170681 | AT1187: =IF(AND($AS1187 >= $BI$2, $C1187 >= $BJ$2), ($C1187 / $BK$2) * 100, "") | AU1187: =U1187 -> 45609 | AV1187: =V1187*W1187 -> 18699848 | AW1187: =IF(AND($AV1187 >= $BM$2, $W1187 >= $BN$2), ($W1187 / $BO$2) * 100, "")
A1188: 45603 | B1188: 36.99 | C1188: 2806518 | D1188: =(B1188-B1187)/B1187 -> -0.031675393 | U1188: 45610 | V1188: 25.8 | W1188: 1335200 | X1188: =(V1188-V1187)/V1187 -> -0.11885246 | AR1188: =A1188 -> 45603 | AS1188: =B1188*C1188 -> 1.038131e+08 | AT1188: =IF(AND($AS1188 >= $BI$2, $C1188 >= $BJ$2), ($C1188 / $BK$2) * 100, "") | AU1188: =U1188 -> 45610 | AV1188: =V1188*W1188 -> 34448160 | AW1188: =IF(AND($AV1188 >= $BM$2, $W1188 >= $BN$2), ($W1188 / $BO$2) * 100, "")
A1189: 45604 | B1189: 36.03 | C1189: 1973472 | D1189: =(B1189-B1188)/B1188 -> -0.02595296 | U1189: 45611 | V1189: 26.64 | W1189: 578383 | X1189: =(V1189-V1188)/V1188 -> 0.03255814 | AR1189: =A1189 -> 45604 | AS1189: =B1189*C1189 -> 71104196 | AT1189: =IF(AND($AS1189 >= $BI$2, $C1189 >= $BJ$2), ($C1189 / $BK$2) * 100, "") | AU1189: =U1189 -> 45611 | AV1189: =V1189*W1189 -> 15408123 | AW1189: =IF(AND($AV1189 >= $BM$2, $W1189 >= $BN$2), ($W1189 / $BO$2) * 100, "")
A1190: 45607 | B1190: 41.59 | C1190: 3761498 | D1190: =(B1190-B1189)/B1189 -> 0.15431585 | U1190: 45614 | V1190: 28.32 | W1190: 499741 | X1190: =(V1190-V1189)/V1189 -> 0.063063063 | AR1190: =A1190 -> 45607 | AS1190: =B1190*C1190 -> 1.564407e+08 | AT1190: =IF(AND($AS1190 >= $BI$2, $C1190 >= $BJ$2), ($C1190 / $BK$2) * 100, "") | AU1190: =U1190 -> 45614 | AV1190: =V1190*W1190 -> 14152665 | AW1190: =IF(AND($AV1190 >= $BM$2, $W1190 >= $BN$2), ($W1190 / $BO$2) * 100, "")
A1191: 45608 | B1191: 41.33 | C1191: 2775474 | D1191: =(B1191-B1190)/B1190 -> -0.0062515028 | U1191: 45615 | V1191: 28.68 | W1191: 634813 | X1191: =(V1191-V1190)/V1190 -> 0.012711864 | AR1191: =A1191 -> 45608 | AS1191: =B1191*C1191 -> 1.1471034e+08 | AT1191: =IF(AND($AS1191 >= $BI$2, $C1191 >= $BJ$2), ($C1191 / $BK$2) * 100, "") | AU1191: =U1191 -> 45615 | AV1191: =V1191*W1191 -> 18206437 | AW1191: =IF(AND($AV1191 >= $BM$2, $W1191 >= $BN$2), ($W1191 / $BO$2) * 100, "")
A1192: 45609 | B1192: 43.89 | C1192: 2918636 | D1192: =(B1192-B1191)/B1191 -> 0.061940479 | U1192: 45616 | V1192: 32.4 | W1192: 977749 | X1192: =(V1192-V1191)/V1191 -> 0.12970711 | AR1192: =A1192 -> 45609 | AS1192: =B1192*C1192 -> 1.2809893e+08 | AT1192: =IF(AND($AS1192 >= $BI$2, $C1192 >= $BJ$2), ($C1192 / $BK$2) * 100, "") | AU1192: =U1192 -> 45616 | AV1192: =V1192*W1192 -> 31679068 | AW1192: =IF(AND($AV1192 >= $BM$2, $W1192 >= $BN$2), ($W1192 / $BO$2) * 100, "")
A1193: 45610 | B1193: 38.81 | C1193: 3520307 | D1193: =(B1193-B1192)/B1192 -> -0.11574391 | U1193: 45617 | V1193: 34.08 | W1193: 1197856 | X1193: =(V1193-V1192)/V1192 -> 0.051851852 | AR1193: =A1193 -> 45610 | AS1193: =B1193*C1193 -> 1.3662311e+08 | AT1193: =IF(AND($AS1193 >= $BI$2, $C1193 >= $BJ$2), ($C1193 / $BK$2) * 100, "") | AU1193: =U1193 -> 45617 | AV1193: =V1193*W1193 -> 40822932 | AW1193: =IF(AND($AV1193 >= $BM$2, $W1193 >= $BN$2), ($W1193 / $BO$2) * 100, "")
A1194: 45611 | B1194: 40.17 | C1194: 1886921 | D1194: =(B1194-B1193)/B1193 -> 0.035042515 | U1194: 45618 | V1194: 30.36 | W1194: 1145112 | X1194: =(V1194-V1193)/V1193 -> -0.10915493 | AR1194: =A1194 -> 45611 | AS1194: =B1194*C1194 -> 75797617 | AT1194: =IF(AND($AS1194 >= $BI$2, $C1194 >= $BJ$2), ($C1194 / $BK$2) * 100, "") | AU1194: =U1194 -> 45618 | AV1194: =V1194*W1194 -> 34765600 | AW1194: =IF(AND($AV1194 >= $BM$2, $W1194 >= $BN$2), ($W1194 / $BO$2) * 100, "")
A1195: 45614 | B1195: 42.37 | C1195: 1998949 | D1195: =(B1195-B1194)/B1194 -> 0.054767239 | U1195: 45621 | V1195: 32.4 | W1195: 1069517 | X1195: =(V1195-V1194)/V1194 -> 0.067193676 | AR1195: =A1195 -> 45614 | AS1195: =B1195*C1195 -> 84695469 | AT1195: =IF(AND($AS1195 >= $BI$2, $C1195 >= $BJ$2), ($C1195 / $BK$2) * 100, "") | AU1195: =U1195 -> 45621 | AV1195: =V1195*W1195 -> 34652351 | AW1195: =IF(AND($AV1195 >= $BM$2, $W1195 >= $BN$2), ($W1195 / $BO$2) * 100, "")
A1196: 45615 | B1196: 43.19 | C1196: 2902186 | D1196: =(B1196-B1195)/B1195 -> 0.019353316 | U1196: 45622 | V1196: 33.6 | W1196: 1258048 | X1196: =(V1196-V1195)/V1195 -> 0.037037037 | AR1196: =A1196 -> 45615 | AS1196: =B1196*C1196 -> 1.2534541e+08 | AT1196: =IF(AND($AS1196 >= $BI$2, $C1196 >= $BJ$2), ($C1196 / $BK$2) * 100, "") | AU1196: =U1196 -> 45622 | AV1196: =V1196*W1196 -> 42270413 | AW1196: =IF(AND($AV1196 >= $BM$2, $W1196 >= $BN$2), ($W1196 / $BO$2) * 100, "") -> 19.394191
A1197: 45616 | B1197: 48.74 | C1197: 4837183 | D1197: =(B1197-B1196)/B1196 -> 0.12850197 | U1197: 45623 | V1197: 28.08 | W1197: 1207809 | X1197: - | AR1197: =A1197 -> 45616 | AS1197: =B1197*C1197 -> 2.357643e+08 | AT1197: =IF(AND($AS1197 >= $BI$2, $C1197 >= $BJ$2), ($C1197 / $BK$2) * 100, "") | AU1197: =U1197 -> 45623 | AV1197: =V1197*W1197 -> 33915277 | AW1197: =IF(AND($AV1197 >= $BM$2, $W1197 >= $BN$2), ($W1197 / $BO$2) * 100, "")
A1198: 45617 | B1198: 51.38 | C1198: 4170858 | D1198: =(B1198-B1197)/B1197 -> 0.054164957 | U1198: 45624 | V1198: 29.4 | W1198: 668428 | X1198: =(V1198-V1197)/V1197 -> 0.047008547 | AR1198: =A1198 -> 45617 | AS1198: =B1198*C1198 -> 2.1429868e+08 | AT1198: =IF(AND($AS1198 >= $BI$2, $C1198 >= $BJ$2), ($C1198 / $BK$2) * 100, "") | AU1198: =U1198 -> 45624 | AV1198: =V1198*W1198 -> 19651783 | AW1198: =IF(AND($AV1198 >= $BM$2, $W1198 >= $BN$2), ($W1198 / $BO$2) * 100, "")
A1199: 45618 | B1199: 45.54 | C1199: 4203548 | D1199: =(B1199-B1198)/B1198 -> -0.1136629 | U1199: 45625 | V1199: 30.91 | W1199: 922409 | X1199: =(V1199-V1198)/V1198 -> 0.051360544 | AR1199: =A1199 -> 45618 | AS1199: =B1199*C1199 -> 1.9142958e+08 | AT1199: =IF(AND($AS1199 >= $BI$2, $C1199 >= $BJ$2), ($C1199 / $BK$2) * 100, "") | AU1199: =U1199 -> 45625 | AV1199: =V1199*W1199 -> 28511662 | AW1199: =IF(AND($AV1199 >= $BM$2, $W1199 >= $BN$2), ($W1199 / $BO$2) * 100, "")
A1200: 45621 | B1200: 48.62 | C1200: 3780971 | D1200: =(B1200-B1199)/B1199 -> 0.06763285 | U1200: 45628 | V1200: 28.03 | W1200: 1407225 | X1200: =(V1200-V1199)/V1199 -> -0.09317373 | AR1200: =A1200 -> 45621 | AS1200: =B1200*C1200 -> 1.8383081e+08 | AT1200: =IF(AND($AS1200 >= $BI$2, $C1200 >= $BJ$2), ($C1200 / $BK$2) * 100, "") | AU1200: =U1200 -> 45628 | AV1200: =V1200*W1200 -> 39444517 | AW1200: =IF(AND($AV1200 >= $BM$2, $W1200 >= $BN$2), ($W1200 / $BO$2) * 100, "")
A1201: 45622 | B1201: 50.49 | C1201: 3319673 | D1201: =(B1201-B1200)/B1200 -> 0.038461538 | U1201: 45629 | V1201: 25.3 | W1201: 1150300 | X1201: =(V1201-V1200)/V1200 -> -0.097395648 | AR1201: =A1201 -> 45622 | AS1201: =B1201*C1201 -> 1.6761029e+08 | AT1201: =IF(AND($AS1201 >= $BI$2, $C1201 >= $BJ$2), ($C1201 / $BK$2) * 100, "") | AU1201: =U1201 -> 45629 | AV1201: =V1201*W1201 -> 29102590 | AW1201: =IF(AND($AV1201 >= $BM$2, $W1201 >= $BN$2), ($W1201 / $BO$2) * 100, "")
A1202: 45623 | B1202: 42.15 | C1202: 4657025 | D1202: =(B1202-B1201)/B1201 -> -0.16518122 | U1202: 45630 | V1202: 25.55 | W1202: 1034165 | X1202: =(V1202-V1201)/V1201 -> 0.0098814229 | AR1202: =A1202 -> 45623 | AS1202: =B1202*C1202 -> 1.962936e+08 | AT1202: =IF(AND($AS1202 >= $BI$2, $C1202 >= $BJ$2), ($C1202 / $BK$2) * 100, "") | AU1202: =U1202 -> 45630 | AV1202: =V1202*W1202 -> 26422916 | AW1202: =IF(AND($AV1202 >= $BM$2, $W1202 >= $BN$2), ($W1202 / $BO$2) * 100, "")
...

Sheet KOLD & HND
A1: #VALUE! | F1: Average Volume | M1: Volume Moving Average ( VMA ) | U1: #VALUE! | Z1: Average Volume | AG1: Volume Moving Average ( VMA ) | AR1: $ Value Traded KOLD | AU1: $ Value Traded HND | BD1: {=_xlfn._xlws.FILTER(BB4000:BC6000, BB4000:BB6000<>"")} -> Filtered Date KOLD | BE1: Filtered Value KOLD | BG1: {=_xlfn._xlws.FILTER(BE4000:BF6000, BE4000:BE6000<>"")} -> Filtered Date HND | BH1: Filtered Value HND
A2: {=_xlfn.STOCKHISTORY(A1,DATE(2020,2,25),TODAY(),0,1,0,1,5)} -> Date | B2: Close | C2: Volume | D2: % Change | F2: 10 days | G2: 20 Days | H2: 1 month | I2: 3 months | J2: 6 months | K2: 1 year | M2: 10 Days | N2: 20 Days | O2: 50 Days | P2: 100 Days | Q2: 200 Days | R2: 360 Days | U2: {=_xlfn.STOCKHISTORY(U1,DATE(2020,2,25),TODAY(),0,1,0,1,5)} -> Date | V2: Close | W2: Volume | X2: % Change | Z2: 10 days | AA2: 20 Days | AB2: 1 month | AC2: 3 months | AD2: 6 months | AE2: 1 year | AG2: 10 Days | AH2: 20 Days | AI2: 50 Days | AJ2: 100 Days | AK2: 200 Days | AL2: 360 Days | AR2: Date | AS2: Value | AT2: % Vol Percentile | AU2: Date | AV2: Value | AW2: % Vol Percentile | BD2: 45076 | BE2: 1.3793132e+08 | BG2: 45323 | BH2: 23105077 | BI2: =_xlfn.PERCENTILE.INC(AS:AS, 0.9) -> 2.0363368e+08 | BJ2: =_xlfn.PERCENTILE.INC(C:C, 0.9) -> 12338209 | BK2: =MAX(C:C) -> 97627146 | BM2: =_xlfn.PERCENTILE.INC(AV3:AV5000, 0.9) -> 35584728 | BN2: =_xlfn.PERCENTILE.INC(W3:W5000, 0.9) -> 4542518.8 | BO2: =MAX(W3:W5000) -> 26722821
A3: 43886 | B3: 526.7 | C3: 2274 | D3: - | F3: =AVERAGE(_xlfn.TAKE(INDEX(_xlfn.ANCHORARRAY(A2), , 3), -10)) -> 8604151.5 | G3: =AVERAGE(_xlfn.TAKE(INDEX(_xlfn.ANCHORARRAY(A2), , 3), -20)) -> 7334077.5 | H3: =AVERAGE(_xlfn.TAKE(INDEX(_xlfn.ANCHORARRAY(A2), , 3), -30)) -> 9799045.1 | I3: =AVERAGE(_xlfn.TAKE(INDEX(_xlfn.ANCHORARRAY(A2), , 3), -90)) -> 9699254.5 | J3: =AVERAGE(_xlfn.TAKE(INDEX(_xlfn.ANCHORARRAY(A2), , 3), -180)) -> 6875682.1 | K3: =AVERAGE(_xlfn.TAKE(INDEX(_xlfn.ANCHORARRAY(A2), , 3), -365)) -> 6255991.5 | M3: {=_xlfn.LET( _xlpm.Last10, _xlfn.TAKE(_xlfn.ANCHORARRAY(A2), -10), _xlpm.Price, INDEX(_xlpm.Last10, , 2), _xlpm.Vol, INDEX(_xlpm.Last10, , 3), SUM(_xlpm.Price * _xlpm.Vol) / SUM(_xlpm.Vol) )} -> 19.673033 | N3: {=_xlfn.LET( _xlpm.Last20, _xlfn.TAKE(_xlfn.ANCHORARRAY(A2), -20), _xlpm.Price, INDEX(_xlpm.Last20, , 2), _xlpm.Vol, INDEX(_xlpm.Last20, , 3), SUM(_xlpm.Price * _xlpm.Vol) / SUM(_xlpm.Vol) )} -> 20.828905 | O3: {=_xlfn.LET( _xlpm.Last50, _xlfn.TAKE(_xlfn.ANCHORARRAY(A2), -50), _xlpm.Price, INDEX(_xlpm.Last50, , 2), _xlpm.Vol, INDEX(_xlpm.Last50, , 3), SUM(_xlpm.Price * _xlpm.Vol) / SUM(_xlpm.Vol) )} -> 21.264433 | P3: {=_xlfn.LET( _xlpm.Last100, _xlfn.TAKE(_xlfn.ANCHORARRAY(A2), -100), _xlpm.Price, INDEX(_xlpm.Last100, , 2), _xlpm.Vol, INDEX(_xlpm.Last100, , 3), SUM(_xlpm.Price * _xlpm.Vol) / SUM(_xlpm.Vol) )} -> 23.956111 | Q3: {=_xlfn.LET( _xlpm.Last200, _xlfn.TAKE(_xlfn.ANCHORARRAY(A2), -200), _xlpm.Price, INDEX(_xlpm.Last200, , 2), _xlpm.Vol, INDEX(_xlpm.Last200, , 3), SUM(_xlpm.Price * _xlpm.Vol) / SUM(_xlpm.Vol) )} -> 25.793703 | R3: {=_xlfn.LET( _xlpm.Last360, _xlfn.TAKE(_xlfn.ANCHORARRAY(A2), -360), _xlpm.Price, INDEX(_xlpm.Last360, , 2), _xlpm.Vol, INDEX(_xlpm.Last360, , 3), SUM(_xlpm.Price * _xlpm.Vol) / SUM(_xlpm.Vol) )} -> 27.356339 | U3: 43886 | V3: 34.325 | W3: 209216 | X3: - | Z3: =AVERAGE(_xlfn.TAKE(INDEX(_xlfn.ANCHORARRAY(U2), , 3), -10)) -> 5946551.3 | AA3: =AVERAGE(_xlfn.TAKE(INDEX(_xlfn.ANCHORARRAY(U2), , 3), -20)) -> 5924091.9 | AB3: =AVERAGE(_xlfn.TAKE(INDEX(_xlfn.ANCHORARRAY(U2), , 3), -30)) -> 7273293.3 | AC3: =AVERAGE(_xlfn.TAKE(INDEX(_xlfn.ANCHORARRAY(U2), , 3), -90)) -> 6498564.5 | AD3: =AVERAGE(_xlfn.TAKE(INDEX(_xlfn.ANCHORARRAY(U2), , 3), -180)) -> 4536059.6 | AE3: =AVERAGE(_xlfn.TAKE(INDEX(_xlfn.ANCHORARRAY(U2), , 3), -365)) -> 3899596.4 | AG3: {=_xlfn.LET( _xlpm.Last10, _xlfn.TAKE(_xlfn.ANCHORARRAY(U2), -10), _xlpm.Price, INDEX(_xlpm.Last10, , 2), _xlpm.Vol, INDEX(_xlpm.Last10, , 3), SUM(_xlpm.Price * _xlpm.Vol) / SUM(_xlpm.Vol) )} -> 3.9164899 | AH3: {=_xlfn.LET( _xlpm.Last20, _xlfn.TAKE(_xlfn.ANCHORARRAY(U2), -20), _xlpm.Price, INDEX(_xlpm.Last20, , 2), _xlpm.Vol, INDEX(_xlpm.Last20, , 3), SUM(_xlpm.Price * _xlpm.Vol) / SUM(_xlpm.Vol) )} -> 4.2152145 | AI3: {=_xlfn.LET( _xlpm.Last50, _xlfn.TAKE(_xlfn.ANCHORARRAY(U2), -50), _xlpm.Price, INDEX(_xlpm.Last50, , 2), _xlpm.Vol, INDEX(_xlpm.Last50, , 3), SUM(_xlpm.Price * _xlpm.Vol) / SUM(_xlpm.Vol) )} -> 4.4706547 | AJ3: {=_xlfn.LET( _xlpm.Last100, _xlfn.TAKE(_xlfn.ANCHORARRAY(U2), -100), _xlpm.Price, INDEX(_xlpm.Last100, , 2), _xlpm.Vol, INDEX(_xlpm.Last100, , 3), SUM(_xlpm.Price * _xlpm.Vol) / SUM(_xlpm.Vol) )} -> 5.2121131 | AK3: {=_xlfn.LET( _xlpm.Last200, _xlfn.TAKE(_xlfn.ANCHORARRAY(U2), -200), _xlpm.Price, INDEX(_xlpm.Last200, , 2), _xlpm.Vol, INDEX(_xlpm.Last200, , 3), SUM(_xlpm.Price * _xlpm.Vol) / SUM(_xlpm.Vol) )} -> 6.0676497 | AL3: {=_xlfn.LET( _xlpm.Last360, _xlfn.TAKE(_xlfn.ANCHORARRAY(U2), -360), _xlpm.Price, INDEX(_xlpm.Last360, , 2), _xlpm.Vol, INDEX(_xlpm.Last360, , 3), SUM(_xlpm.Price * _xlpm.Vol) / SUM(_xlpm.Vol) )} -> 7.0880777 | AR3: =A3 -> 43886 | AS3: =B3*C3 -> 1197715.8 | AT3: =IF(AND($AS3 >= $BI$2, $C3 >= $BJ$2), ($C3 / $BK$2) * 100, "") | AU3: =U3 -> 43886 | AV3: =V3*W3 -> 7181339.2 | AW3: =IF(AND($AV3 >= $BM$2, $W3 >= $BN$2), ($W3 / $BO$2) * 100, "") | BD3: 45077 | BE3: 1.3355128e+08 | BG3: 45324 | BH3: 30994973
A4: 43887 | B4: 540.2 | C4: 2115 | D4: =(B4-B3)/B3 -> 0.025631289 | U4: 43887 | V4: 35.25 | W4: 268665 | X4: =(V4-V3)/V3 -> 0.026948288 | AR4: =A4 -> 43887 | AS4: =B4*C4 -> 1142523 | AT4: =IF(AND($AS4 >= $BI$2, $C4 >= $BJ$2), ($C4 / $BK$2) * 100, "") | AU4: =U4 -> 43887 | AV4: =V4*W4 -> 9470441.2 | AW4: =IF(AND($AV4 >= $BM$2, $W4 >= $BN$2), ($W4 / $BO$2) * 100, "") | BD4: 45078 | BE4: 1.4710474e+08 | BG4: 45327 | BH4: 19320150
A5: 43888 | B5: 584 | C5: 3256 | D5: =(B5-B4)/B4 -> 0.081081081 | U5: 43888 | V5: 38.725 | W5: 275410 | X5: =(V5-V4)/V4 -> 0.09858156 | AR5: =A5 -> 43888 | AS5: =B5*C5 -> 1901504 | AT5: =IF(AND($AS5 >= $BI$2, $C5 >= $BJ$2), ($C5 / $BK$2) * 100, "") | AU5: =U5 -> 43888 | AV5: =V5*W5 -> 10665252 | AW5: =IF(AND($AV5 >= $BM$2, $W5 >= $BN$2), ($W5 / $BO$2) * 100, "") | AZ5: =IF(AND($AS3 >= $BI$2, $C3 >= $BJ$2), ($C3 / $BK$2) * 100, "") | BD5: 45079 | BE5: 90138377 | BG5: 45328 | BH5: 18998114
A6: 43889 | B6: 619.6 | C6: 3014 | D6: =(B6-B5)/B5 -> 0.060958904 | U6: 43889 | V6: 40.575 | W6: 287309 | X6: =(V6-V5)/V5 -> 0.047772757 | AR6: =A6 -> 43889 | AS6: =B6*C6 -> 1867474.4 | AT6: =IF(AND($AS6 >= $BI$2, $C6 >= $BJ$2), ($C6 / $BK$2) * 100, "") | AU6: =U6 -> 43889 | AV6: =V6*W6 -> 11657563 | AW6: =IF(AND($AV6 >= $BM$2, $W6 >= $BN$2), ($W6 / $BO$2) * 100, "") | BD6: 45082 | BE6: 1.0074302e+08 | BG6: 45329 | BH6: 12628372
A7: 43892 | B7: 576.6 | C7: 2914 | D7: =(B7-B6)/B6 -> -0.069399613 | U7: 43892 | V7: 37.475 | W7: 431350 | X7: =(V7-V6)/V6 -> -0.076401725 | AR7: =A7 -> 43892 | AS7: =B7*C7 -> 1680212.4 | AT7: =IF(AND($AS7 >= $BI$2, $C7 >= $BJ$2), ($C7 / $BK$2) * 100, "") | AU7: =U7 -> 43892 | AV7: =V7*W7 -> 16164841 | AW7: =IF(AND($AV7 >= $BM$2, $W7 >= $BN$2), ($W7 / $BO$2) * 100, "") | BD7: 45083 | BE7: 79221940 | BG7: 45330 | BH7: 24359798
A8: 43893 | B8: 549.692 | C8: 5069 | D8: =(B8-B7)/B7 -> -0.046666667 | U8: 43893 | V8: 35.5 | W8: 640152 | X8: =(V8-V7)/V7 -> -0.052701801 | AR8: =A8 -> 43893 | AS8: =B8*C8 -> 2786388.7 | AT8: =IF(AND($AS8 >= $BI$2, $C8 >= $BJ$2), ($C8 / $BK$2) * 100, "") | AU8: =U8 -> 43893 | AV8: =V8*W8 -> 22725396 | AW8: =IF(AND($AV8 >= $BM$2, $W8 >= $BN$2), ($W8 / $BO$2) * 100, "") | BD8: 45084 | BE8: 1.1681604e+08 | BG8: 45331 | BH8: 13190384
A9: 43894 | B9: 529.2 | C9: 1563 | D9: =(B9-B8)/B8 -> -0.037279058 | U9: 43894 | V9: 34.15 | W9: 264131 | X9: =(V9-V8)/V8 -> -0.038028169 | AR9: =A9 -> 43894 | AS9: =B9*C9 -> 827139.6 | AT9: =IF(AND($AS9 >= $BI$2, $C9 >= $BJ$2), ($C9 / $BK$2) * 100, "") | AU9: =U9 -> 43894 | AV9: =V9*W9 -> 9020073.7 | AW9: =IF(AND($AV9 >= $BM$2, $W9 >= $BN$2), ($W9 / $BO$2) * 100, "") | BD9: 45085 | BE9: 1.198701e+08 | BG9: 45334 | BH9: 20471289
A10: 43895 | B10: 566.8 | C10: 2304 | D10: =(B10-B9)/B9 -> 0.071050642 | U10: 43895 | V10: 36.85 | W10: 328496 | X10: =(V10-V9)/V9 -> 0.079062958 | AR10: =A10 -> 43895 | AS10: =B10*C10 -> 1305907.2 | AT10: =IF(AND($AS10 >= $BI$2, $C10 >= $BJ$2), ($C10 / $BK$2) * 100, "") | AU10: =U10 -> 43895 | AV10: =V10*W10 -> 12105078 | AW10: =IF(AND($AV10 >= $BM$2, $W10 >= $BN$2), ($W10 / $BO$2) * 100, "") | BD10: 45086 | BE10: 1.1377743e+08 | BG10: 45335 | BH10: 22213962
A11: 43896 | B11: 592.2 | C11: 3685 | D11: =(B11-B10)/B10 -> 0.044812985 | U11: 43896 | V11: 38.5 | W11: 409889 | X11: =(V11-V10)/V10 -> 0.044776119 | AR11: =A11 -> 43896 | AS11: =B11*C11 -> 2182257 | AT11: =IF(AND($AS11 >= $BI$2, $C11 >= $BJ$2), ($C11 / $BK$2) * 100, "") | AU11: =U11 -> 43896 | AV11: =V11*W11 -> 15780726 | AW11: =IF(AND($AV11 >= $BM$2, $W11 >= $BN$2), ($W11 / $BO$2) * 100, "") | BD11: 45089 | BE11: 1.1154568e+08 | BG11: 45336 | BH11: 14597187
A12: 43899 | B12: 530.313 | C12: 7863 | D12: =(B12-B11)/B11 -> -0.10450355 | U12: 43899 | V12: 34.125 | W12: 473936 | X12: =(V12-V11)/V11 -> -0.11363636 | AR12: =A12 -> 43899 | AS12: =B12*C12 -> 4169851.1 | AT12: =IF(AND($AS12 >= $BI$2, $C12 >= $BJ$2), ($C12 / $BK$2) * 100, "") | AU12: =U12 -> 43899 | AV12: =V12*W12 -> 16173066 | AW12: =IF(AND($AV12 >= $BM$2, $W12 >= $BN$2), ($W12 / $BO$2) * 100, "") | BD12: 45090 | BE12: 85950441 | BG12: 45337 | BH12: 17934505
A13: 43900 | B13: 456.35 | C13: 8879 | D13: =(B13-B12)/B12 -> -0.13947046 | U13: 43900 | V13: 29.55 | W13: 769319 | X13: =(V13-V12)/V12 -> -0.13406593 | AR13: =A13 -> 43900 | AS13: =B13*C13 -> 4051931.7 | AT13: =IF(AND($AS13 >= $BI$2, $C13 >= $BJ$2), ($C13 / $BK$2) * 100, "") | AU13: =U13 -> 43900 | AV13: =V13*W13 -> 22733376 | AW13: =IF(AND($AV13 >= $BM$2, $W13 >= $BN$2), ($W13 / $BO$2) * 100, "") | BD13: 45091 | BE13: 99707160 | BG13: 45338 | BH13: 22128497
A14: 43901 | B14: 480.427 | C14: 7572 | D14: =(B14-B13)/B13 -> 0.052759943 | U14: 43901 | V14: 31.175 | W14: 659850 | X14: =(V14-V13)/V13 -> 0.05499154 | AR14: =A14 -> 43901 | AS14: =B14*C14 -> 3637793.2 | AT14: =IF(AND($AS14 >= $BI$2, $C14 >= $BJ$2), ($C14 / $BK$2) * 100, "") | AU14: =U14 -> 43901 | AV14: =V14*W14 -> 20570824 | AW14: =IF(AND($AV14 >= $BM$2, $W14 >= $BN$2), ($W14 / $BO$2) * 100, "") | BD14: 45092 | BE14: 2.0683238e+08 | BG14: 45342 | BH14: 14416235
A15: 43902 | B15: 503.396 | C15: 7690 | D15: =(B15-B14)/B14 -> 0.047809553 | U15: 43902 | V15: 32.6 | W15: 616164 | X15: =(V15-V14)/V14 -> 0.045709703 | AR15: =A15 -> 43902 | AS15: =B15*C15 -> 3871115.2 | AT15: =IF(AND($AS15 >= $BI$2, $C15 >= $BJ$2), ($C15 / $BK$2) * 100, "") | AU15: =U15 -> 43902 | AV15: =V15*W15 -> 20086946 | AW15: =IF(AND($AV15 >= $BM$2, $W15 >= $BN$2), ($W15 / $BO$2) * 100, "") | BD15: 45093 | BE15: 1.4430871e+08 | BG15: 45343 | BH15: 30652237
A16: 43903 | B16: 473.3 | C16: 9643 | D16: =(B16-B15)/B15 -> -0.059785934 | U16: 43903 | V16: 30.675 | W16: 261614 | X16: =(V16-V15)/V15 -> -0.05904908 | AR16: =A16 -> 43903 | AS16: =B16*C16 -> 4564031.9 | AT16: =IF(AND($AS16 >= $BI$2, $C16 >= $BJ$2), ($C16 / $BK$2) * 100, "") | AU16: =U16 -> 43903 | AV16: =V16*W16 -> 8025009.5 | AW16: =IF(AND($AV16 >= $BM$2, $W16 >= $BN$2), ($W16 / $BO$2) * 100, "") | BD16: 45097 | BE16: 1.3064131e+08 | BG16: 45344 | BH16: 26703931
A17: 43906 | B17: 529.3 | C17: 3690 | D17: =(B17-B16)/B16 -> 0.11831819 | U17: 43906 | V17: 34 | W17: 281612 | X17: =(V17-V16)/V16 -> 0.10839446 | AR17: =A17 -> 43906 | AS17: =B17*C17 -> 1953117 | AT17: =IF(AND($AS17 >= $BI$2, $C17 >= $BJ$2), ($C17 / $BK$2) * 100, "") | AU17: =U17 -> 43906 | AV17: =V17*W17 -> 9574808 | AW17: =IF(AND($AV17 >= $BM$2, $W17 >= $BN$2), ($W17 / $BO$2) * 100, "") | BD17: 45098 | BE17: 92998730 | BG17: 45345 | BH17: 22801913
... A21: 43910 | B21: 626.7 | C21: 6527 | D21: =(B21-B20)/B20 -> 0.083285222 | U21: 43910 | V21: 40.875 | W21: 193448 | X21: =(V21-V20)/V20 -> 0.087824351 | AR21: =A21 -> 43910 | AS21: =B21*C21 -> 4090470.9 | AT21: =IF(AND($AS21 >= $BI$2, $C21 >= $BJ$2), ($C21 / $BK$2) * 100, "") | AU21: =U21 -> 43910 | AV21: =V21*W21 -> 7907187 | AW21: =IF(AND($AV21 >= $BM$2, $W21 >= $BN$2), ($W21 / $BO$2) * 100, "") | BD21: 45104 | BE21: 99993327 | BG21: 45351 | BH21: 39309939
A22: 43913 | B22: 619.005 | C22: 5490 | D22: =(B22-B21)/B21 -> -0.012278602 | G22: Last Price | H22: Volume | I22: Change | J22: 52 Week High | K22: 52 Week Low | P22: Period | Q22: Date Range | U22: 43913 | V22: 40.15 | W22: 118392 | X22: =(V22-V21)/V21 -> -0.017737003 | AA22: Last Price | AB22: Volume | AC22: Change | AD22: 52 Week High | AE22: 52 Week Low | AJ22: Period | AK22: Date Range | AR22: =A22 -> 43913 | AS22: =B22*C22 -> 3398337.5 | AT22: =IF(AND($AS22 >= $BI$2, $C22 >= $BJ$2), ($C22 / $BK$2) * 100, "") | AU22: =U22 -> 43913 | AV22: =V22*W22 -> 4753438.8 | AW22: =IF(AND($AV22 >= $BM$2, $W22 >= $BN$2), ($W22 / $BO$2) * 100, "") | BD22: 45105 | BE22: 111876318 | BG22: 45352 | BH22: 28136942
A23: 43914 | B23: 566.292 | C23: 18435 | D23: =(B23-B22)/B22 -> -0.085157632 | G23: {=_FV(A1,"Price")} -> 20.435 | H23: {=_FV(A1,"Volume")} -> 1744432 | I23: {=_FV(A1,"Change (%)",TRUE)} -> 0.002207 | J23: {=_FV(A1,"52 week high",TRUE)} -> 49.47 | K23: {=_FV(A1,"52 week low",TRUE)} -> 13.44 | P23: 10 days | Q23: =TODAY()-10 -> 46088 | U23: 43914 | V23: 36.75 | W23: 231196 | X23: =(V23-V22)/V22 -> -0.084682441 | AA23: {=_FV(U1,"Price")} -> 4.03 | AB23: {=_FV(U1,"Volume")} -> 527869 | AC23: {=_FV(U1,"Change (%)",TRUE)} -> -0.004938 | AD23: {=_FV(U1,"52 week high",TRUE)} -> 11.39 | AE23: {=_FV(U1,"52 week low",TRUE)} -> 2.72 | AJ23: 10 days | AK23: =TODAY()-10 -> 46088 | AR23: =A23 -> 43914 | AS23: =B23*C23 -> 10439593 | AT23: =IF(AND($AS23 >= $BI$2, $C23 >= $BJ$2), ($C23 / $BK$2) * 100, "") | AU23: =U23 -> 43914 | AV23: =V23*W23 -> 8496453 | AW23: =IF(AND($AV23 >= $BM$2, $W23 >= $BN$2), ($W23 / $BO$2) * 100, "") | BD23: 45106 | BE23: 1.2709928e+08 | BG23: 45355 | BH23: 45793139
A24: 43915 | B24: 578.013 | C24: 3608 | D24: =(B24-B23)/B23 -> 0.020697803 | P24: 20 Days | Q24: =TODAY()-20 -> 46078 | U24: 43915 | V24: 37.525 | W24: 217317 | X24: =(V24-V23)/V23 -> 0.021088435 | AJ24: 20 Days | AK24: =TODAY()-20 -> 46078 | AR24: =A24 -> 43915 | AS24: =B24*C24 -> 2085470.9 | AT24: =IF(AND($AS24 >= $BI$2, $C24 >= $BJ$2), ($C24 / $BK$2) * 100, "") | AU24: =U24 -> 43915 | AV24: =V24*W24 -> 8154820.4 | AW24: =IF(AND($AV24 >= $BM$2, $W24 >= $BN$2), ($W24 / $BO$2) * 100, "") | BD24: 45107 | BE24: 1.2712894e+08 | BG24: 45356 | BH24: 30392800
A25: 43916 | B25: 599.177 | C25: 7099 | D25: =(B25-B24)/B24 -> 0.036615093 | G25: Maximum Volume Period | P25: 1 month | Q25: =TODAY()-30 -> 46068 | U25: 43916 | V25: 38.925 | W25: 152625 | X25: =(V25-V24)/V24 -> 0.037308461 | AA25: Maximum Volume Period | AJ25: 1 month | AK25: =TODAY()-30 -> 46068 | AR25: =A25 -> 43916 | AS25: =B25*C25 -> 4253557.5 | AT25: =IF(AND($AS25 >= $BI$2, $C25 >= $BJ$2), ($C25 / $BK$2) * 100, "") | AU25: =U25 -> 43916 | AV25: =V25*W25 -> 5940928.1 | AW25: =IF(AND($AV25 >= $BM$2, $W25 >= $BN$2), ($W25 / $BO$2) * 100, "") | BD25: 45110 | BE25: 51964984 | BG25: 45357 | BH25: 22123185
A26: 43917 | B26: 608.803 | C26: 4783 | D26: =(B26-B25)/B25 -> 0.01606537 | G26: 10 days | H26: 20 days | I26: 1 months | J26: 2 months | K26: 3 months | L26: 6 months | M26: 12 months | N26: 24 months | P26: 2 months | Q26: =TODAY()-60 -> 46038 | U26: 43917 | V26: 39.625 | W26: 66548 | X26: =(V26-V25)/V25 -> 0.017983301 | AA26: 10 days | AB26: 20 days | AC26: 1 months | AD26: 2 months | AE26: 3 months | AF26: 6 months | AG26: 12 months | AH26: 24 months | AJ26: 2 month | AK26: =TODAY()-60 -> 46038 | AR26: =A26 -> 43917 | AS26: =B26*C26 -> 2911904.7 | AT26: =IF(AND($AS26 >= $BI$2, $C26 >= $BJ$2), ($C26 / $BK$2) * 100, "") | AU26: =U26 -> 43917 | AV26: =V26*W26 -> 2636964.5 | AW26: =IF(AND($AV26 >= $BM$2, $W26 >= $BN$2), ($W26 / $BO$2) * 100, "") | BD26: 45112 | BE26: 87739417 | BG26: 45358 | BH26: 21985715
A27: 43920 | B27: 596.3 | C27: 15975 | D27: =(B27-B26)/B26 -> -0.020537021 | F27: Date | G27: {=_xlfn.LET( _xlpm.Data, _xlfn.DROP(_xlfn.ANCHORARRAY(A2), 1), _xlpm.Filtered, _xlfn._xlws.FILTER(_xlpm.Data, INDEX(_xlpm.Data, , 1) >= Q23), _xlfn.TAKE(_xlfn._xlws.SORT(_xlpm.Filtered, 3, -1), 1, 1) )} -> 46090 | H27: =INDEX(A:A, MATCH(_xlfn.MAXIFS(C:C, A:A, ">="&Q24), C:C, 0)) -> 46087 | I27: =INDEX(A:A, MATCH(_xlfn.MAXIFS(C:C, A:A, ">="&Q25), C:C, 0)) -> 46087 | J27: =INDEX(A:A, MATCH(_xlfn.MAXIFS(C:C, A:A, ">="&Q26), C:C, 0)) -> 46052 | K27: =INDEX(A:A, MATCH(_xlfn.MAXIFS(C:C, A:A, ">="&Q27), C:C, 0)) -> 46052 | L27: =INDEX(A:A, MATCH(_xlfn.MAXIFS(C:C, A:A, ">="&Q28), C:C, 0)) -> 46052 | M27: =INDEX(A:A, MATCH(_xlfn.MAXIFS(C:C, A:A, ">="&Q29), C:C, 0)) -> 46052 | N27: =INDEX(A:A, MATCH(_xlfn.MAXIFS(C:C, A:A, ">="&Q30), C:C, 0)) -> 46052 | P27: 3 months | Q27: =TODAY()-90 -> 46008 | U27: 43920 | V27: 38.8 | W27: 79951 | X27: =(V27-V26)/V26 -> -0.020820189 | Z27: Date | AA27: {=_xlfn.LET( _xlpm.Data, _xlfn.DROP(_xlfn.ANCHORARRAY(U2), 1), _xlpm.Filtered, _xlfn._xlws.FILTER(_xlpm.Data, INDEX(_xlpm.Data, , 1) >= AK23), _xlfn.TAKE(_xlfn._xlws.SORT(_xlpm.Filtered, 3, -1), 1, 1) )} -> 46090 | AB27: =INDEX(U:U, MATCH(_xlfn.MAXIFS(W:W, U:U, ">="&AK24), W:W, 0)) -> 46087 | AC27: =INDEX(U:U, MATCH(_xlfn.MAXIFS(W:W, U:U, ">="&AK25), W:W, 0)) -> 46087 | AD27: =INDEX(U:U, MATCH(_xlfn.MAXIFS(W:W, U:U, ">="&AK26), W:W, 0)) -> 46055 | AE27: =INDEX(U:U, MATCH(_xlfn.MAXIFS(W:W, U:U, ">="&AK27), W:W, 0)) -> 46055 | AF27: =INDEX(U:U, MATCH(_xlfn.MAXIFS(W:W, U:U, ">="&AK28), W:W, 0)) -> 46055 | AG27: =INDEX(U:U, MATCH(_xlfn.MAXIFS(W:W, U:U, ">="&AK29), W:W, 0)) -> 46055 | AH27: =INDEX(U:U, MATCH(_xlfn.MAXIFS(W:W, U:U, ">="&AK30), W:W, 0)) -> 46055 | AJ27: 3 months | AK27: =TODAY()-90 -> 46008 | AR27: =A27 -> 43920 | AS27: =B27*C27 -> 9525892.5 | AT27: =IF(AND($AS27 >= $BI$2, $C27 >= $BJ$2), ($C27 / $BK$2) * 100, "") | AU27: =U27 -> 43920 | AV27: =V27*W27 -> 3102098.8 | AW27: =IF(AND($AV27 >= $BM$2, $W27 >= $BN$2), ($W27 / $BO$2) * 100, "") | BD27: 45113 | BE27: 1.1554911e+08 | BG27: 45359 | BH27: 21570069
A28: 43921 | B28: 620.195 | C28: 4140 | D28: =(B28-B27)/B27 -> 0.040072111 | F28: Volume recorded | G28: {=_xlfn.XLOOKUP(G27:N27, INDEX(_xlfn.ANCHORARRAY(A2), , 1), INDEX(_xlfn.ANCHORARRAY(A2), , 3), , 0, 2)} -> 11636973 | H28: 14374391 | I28: 14374391 | J28: 54026562 | K28: 54026562 | L28: 54026562 | M28: 54026562 | N28: 54026562 | P28: 6 months | Q28: =TODAY()-180 -> 45918 | U28: 43921 | V28: 40.375 | W28: 91128 | X28: =(V28-V27)/V27 -> 0.040592784 | Z28: Volume recorded | AA28: {=_xlfn.XLOOKUP(AA27:AH27, INDEX(_xlfn.ANCHORARRAY(U2), , 1), INDEX(_xlfn.ANCHORARRAY(U2), , 3), , 0, 2)} -> 8547131 | AB28: 10243791 | AC28: 10243791 | AD28: 26722821 | AE28: 26722821 | AF28: 26722821 | AG28: 26722821 | AH28: 26722821 | AJ28: 6 months | AK28: =TODAY()-180 -> 45918 | AR28: =A28 -> 43921 | AS28: =B28*C28 -> 2567607.3 | AT28: =IF(AND($AS28 >= $BI$2, $C28 >= $BJ$2), ($C28 / $BK$2) * 100, "") | AU28: =U28 -> 43921 | AV28: =V28*W28 -> 3679293 | AW28: =IF(AND($AV28 >= $BM$2, $W28 >= $BN$2), ($W28 / $BO$2) * 100, "") | BD28: 45114 | BE28: 1.3306786e+08 | BG28: 45362 | BH28: 18984029
A29: 43922 | B29: 676.405 | C29: 6587 | D29: =(B29-B28)/B28 -> 0.090632785 | F29: Price recorded | G29: {=_xlfn.XLOOKUP(G27:N27, INDEX(_xlfn.ANCHORARRAY(A2), , 1), INDEX(_xlfn.ANCHORARRAY(A2), , 2), , 0, 2)} -> 20.14 | H29: 18.75 | I29: 18.75 | J29: 13.58 | K29: 13.58 | L29: 13.58 | M29: 13.58 | N29: 13.58 | P29: 12 months | Q29: =TODAY()-365 -> 45733 | U29: 43922 | V29: 44 | W29: 124543 | X29: =(V29-V28)/V28 -> 0.089783282 | Z29: Price recorded | AA29: {=_xlfn.XLOOKUP(AA27:AH27, INDEX(_xlfn.ANCHORARRAY(U2), , 1), INDEX(_xlfn.ANCHORARRAY(U2), , 2), , 0, 2)} -> 4 | AB29: 3.72 | AC29: 3.72 | AD29: 4.08 | AE29: 4.08 | AF29: 4.08 | AG29: 4.08 | AH29: 4.08 | AJ29: 12 months | AK29: =TODAY()-365 -> 45733 | AR29: =A29 -> 43922 | AS29: =B29*C29 -> 4455479.7 | AT29: =IF(AND($AS29 >= $BI$2, $C29 >= $BJ$2), ($C29 / $BK$2) * 100, "") | AU29: =U29 -> 43922 | AV29: =V29*W29 -> 5479892 | AW29: =IF(AND($AV29 >= $BM$2, $W29 >= $BN$2), ($W29 / $BO$2) * 100, "") | BD29: 45117 | BE29: 1.2616572e+08 | BG29: 45363 | BH29: 20127888
A30: 43923 | B30: 704.7 | C30: 5394 | D30: =(B30-B29)/B29 -> 0.041831447 | P30: 24 months | Q30: =TODAY()-730 -> 45368 | U30: 43923 | V30: 45.825 | W30: 154608 | X30: =(V30-V29)/V29 -> 0.041477273 | AJ30: 24 Months | AK30: =TODAY()-730 -> 45368 | AR30: =A30 -> 43923 | AS30: =B30*C30 -> 3801151.8 | AT30: =IF(AND($AS30 >= $BI$2, $C30 >= $BJ$2), ($C30 / $BK$2) * 100, "") | AU30: =U30 -> 43923 | AV30: =V30*W30 -> 7084911.6 | AW30: =IF(AND($AV30 >= $BM$2, $W30 >= $BN$2), ($W30 / $BO$2) * 100, "") | BD30: 45118 | BE30: 1.2593363e+08 | BG30: 45364 | BH30: 25093924
A31: 43924 | B31: 624.392 | C31: 7135 | D31: =(B31-B30)/B30 -> -0.11396055 | U31: 43924 | V31: 40.575 | W31: 155904 | X31: =(V31-V30)/V30 -> -0.11456628 | AR31: =A31 -> 43924 | AS31: =B31*C31 -> 4455036.9 | AT31: =IF(AND($AS31 >= $BI$2, $C31 >= $BJ$2), ($C31 / $BK$2) * 100, "") | AU31: =U31 -> 43924 | AV31: =V31*W31 -> 6325804.8 | AW31: =IF(AND($AV31 >= $BM$2, $W31 >= $BN$2), ($W31 / $BO$2) * 100, "") | BD31: 45119 | BE31: 81616299 | BG31: 45365 | BH31: 22562413
A32: 43927 | B32: 545.68 | C32: 4321 | D32: =(B32-B31)/B31 -> -0.12606183 | G32: Minimum Price Period | U32: 43927 | V32: 35.525 | W32: 191682 | X32: =(V32-V31)/V31 -> -0.12446087 | AA32: Minimum Price Period | AR32: =A32 -> 43927 | AS32: =B32*C32 -> 2357883.3 | AT32: =IF(AND($AS32 >= $BI$2, $C32 >= $BJ$2), ($C32 / $BK$2) * 100, "") | AU32: =U32 -> 43927 | AV32: =V32*W32 -> 6809503 | AW32: =IF(AND($AV32 >= $BM$2, $W32 >= $BN$2), ($W32 / $BO$2) * 100, "") | BD32: 45120 | BE32: 85848178 | BG32: 45366 | BH32: 28621329
A33: 43928 | B33: 461.2 | C33: 3018 | D33: =(B33-B32)/B32 -> -0.15481601 | G33: 10 days | H33: 20 days | I33: 1 months | J33: 2 months | K33: 3 months | L33: 6 months | M33: 12 months | N33: 24 months | U33: 43928 | V33: 30.25 | W33: 322101 | X33: =(V33-V32)/V32 -> -0.14848698 | AA33: 10 days | AB33: 20 days | AC33: 1 months | AD33: 2 months | AE33: 3 months | AF33: 6 months | AG33: 12 months | AH33: 24 months | AR33: =A33 -> 43928 | AS33: =B33*C33 -> 1391901.6 | AT33: =IF(AND($AS33 >= $BI$2, $C33 >= $BJ$2), ($C33 / $BK$2) * 100, "") | AU33: =U33 -> 43928 | AV33: =V33*W33 -> 9743555.2 | AW33: =IF(AND($AV33 >= $BM$2, $W33 >= $BN$2), ($W33 / $BO$2) * 100, "") | BD33: 45121 | BE33: 75928353 | BG33: 45369 | BH33: 17094899
A34: 43929 | B34: 502.6 | C34: 5268 | D34: =(B34-B33)/B33 -> 0.089765828 | F34: Date | G34: {=_xlfn.LET( _xlpm.Data, _xlfn.DROP(_xlfn.ANCHORARRAY(A2), 1), _xlpm.Filtered, _xlfn._xlws.FILTER(_xlpm.Data, INDEX(_xlpm.Data, , 1) >= Q23), _xlfn.TAKE(_xlfn._xlws.SORT(_xlpm.Filtered, 2, -1), 1, 1) )} -> 46097 | H34: {=_xlfn.LET( _xlpm.Data, _xlfn.DROP(_xlfn.ANCHORARRAY(A2), 1), _xlpm.Filtered, _xlfn._xlws.FILTER(_xlpm.Data, INDEX(_xlpm.Data, , 1) >= Q24), _xlfn.TAKE(_xlfn._xlws.SORT(_xlpm.Filtered, 2, -1), 1, 1) )} -> 46079 | I34: {=_xlfn.LET( _xlpm.Data, _xlfn.DROP(_xlfn.ANCHORARRAY(A2), 1), _xlpm.Filtered, _xlfn._xlws.FILTER(_xlpm.Data, INDEX(_xlpm.Data, , 1) >= Q25), _xlfn.TAKE(_xlfn._xlws.SORT(_xlpm.Filtered, 2, -1), 1, 1) )} -> 46079 | J34: {=_xlfn.LET( _xlpm.Data, _xlfn.DROP(_xlfn.ANCHORARRAY(A2), 1), _xlpm.Filtered, _xlfn._xlws.FILTER(_xlpm.Data, INDEX(_xlpm.Data, , 1) >= Q26), _xlfn.TAKE(_xlfn._xlws.SORT(_xlpm.Filtered, 2, -1), 1, 1) )} -> 46038 | K34: {=_xlfn.LET( _xlpm.Data, _xlfn.DROP(_xlfn.ANCHORARRAY(A2), 1), _xlpm.Filtered, _xlfn._xlws.FILTER(_xlpm.Data, INDEX(_xlpm.Data, , 1) >= Q27), _xlfn.TAKE(_xlfn._xlws.SORT(_xlpm.Filtered, 2, -1), 1, 1) )} -> 46031 | L34: {=_xlfn.LET( _xlpm.Data, _xlfn.DROP(_xlfn.ANCHORARRAY(A2), 1), _xlpm.Filtered, _xlfn._xlws.FILTER(_xlpm.Data, INDEX(_xlpm.Data, , 1) >= Q28), _xlfn.TAKE(_xlfn._xlws.SORT(_xlpm.Filtered, 2, -1), 1, 1) )} -> 46031 | M34: {=_xlfn.LET( _xlpm.Data, _xlfn.DROP(_xlfn.ANCHORARRAY(A2), 1), _xlpm.Filtered, _xlfn._xlws.FILTER(_xlpm.Data, INDEX(_xlpm.Data, , 1) >= Q29), _xlfn.TAKE(_xlfn._xlws.SORT(_xlpm.Filtered, 2, -1), 1, 1) )} -> 46031 | N34: {=_xlfn.LET( _xlpm.Data, _xlfn.DROP(_xlfn.ANCHORARRAY(A2), 1), _xlpm.Filtered, _xlfn._xlws.FILTER(_xlpm.Data, INDEX(_xlpm.Data, , 1) >= Q30), _xlfn.TAKE(_xlfn._xlws.SORT(_xlpm.Filtered, 2, -1), 1, 1) )} -> 45604 | U34: 43929 | V34: 33.3 | W34: 267169 | X34: =(V34-V33)/V33 -> 0.10082645 | Z34: Date | AA34: {=_xlfn.LET( _xlpm.Data, _xlfn.DROP(_xlfn.ANCHORARRAY(U2), 1), _xlpm.Filtered, _xlfn._xlws.FILTER(_xlpm.Data, INDEX(_xlpm.Data, , 1) >= AK23), _xlfn.TAKE(_xlfn._xlws.SORT(_xlpm.Filtered, 2, -1), 1, 1) )} -> 46097 | AB34: {=_xlfn.LET( _xlpm.Data, _xlfn.DROP(_xlfn.ANCHORARRAY(U2), 1), _xlpm.Filtered, _xlfn._xlws.FILTER(_xlpm.Data, INDEX(_xlpm.Data, , 1) >= AK24), _xlfn.TAKE(_xlfn._xlws.SORT(_xlpm.Filtered, 2, -1), 1, 1) )} -> 46079 | AC34: {=_xlfn.LET( _xlpm.Data, _xlfn.DROP(_xlfn.ANCHORARRAY(U2), 1), _xlpm.Filtered, _xlfn._xlws.FILTER(_xlpm.Data, INDEX(_xlpm.Data, , 1) >= AK25), _xlfn.TAKE(_xlfn._xlws.SORT(_xlpm.Filtered, 2, -1), 1, 1) )} -> 46079 | AD34: {=_xlfn.LET( _xlpm.Data, _xlfn.DROP(_xlfn.ANCHORARRAY(U2), 1), _xlpm.Filtered, _xlfn._xlws.FILTER(_xlpm.Data, INDEX(_xlpm.Data, , 1) >= AK26), _xlfn.TAKE(_xlfn._xlws.SORT(_xlpm.Filtered, 2, -1), 1, 1) )} -> 46038 | AE34: {=_xlfn.LET( _xlpm.Data, _xlfn.DROP(_xlfn.ANCHORARRAY(U2), 1), _xlpm.Filtered, _xlfn._xlws.FILTER(_xlpm.Data, INDEX(_xlpm.Data, , 1) >= AK27), _xlfn.TAKE(_xlfn._xlws.SORT(_xlpm.Filtered, 2, -1), 1, 1) )} -> 46031 | AF34: {=_xlfn.LET( _xlpm.Data, _xlfn.DROP(_xlfn.ANCHORARRAY(U2), 1), _xlpm.Filtered, _xlfn._xlws.FILTER(_xlpm.Data, INDEX(_xlpm.Data, , 1) >= AK28), _xlfn.TAKE(_xlfn._xlws.SORT(_xlpm.Filtered, 2, -1), 1, 1) )} -> 45946 | AG34: {=_xlfn.LET( _xlpm.Data, _xlfn.DROP(_xlfn.ANCHORARRAY(U2), 1), _xlpm.Filtered, _xlfn._xlws.FILTER(_xlpm.Data, INDEX(_xlpm.Data, , 1) >= AK29), _xlfn.TAKE(_xlfn._xlws.SORT(_xlpm.Filtered, 2, -1), 1, 1) )} -> 45891 | AH34: {=_xlfn.LET( _xlpm.Data, _xlfn.DROP(_xlfn.ANCHORARRAY(U2), 1), _xlpm.Filtered, _xlfn._xlws.FILTER(_xlpm.Data, INDEX(_xlpm.Data, , 1) >= AK30), _xlfn.TAKE(_xlfn._xlws.SORT(_xlpm.Filtered, 2, -1), 1, 1) )} -> 45378 | AR34: =A34 -> 43929 | AS34: =B34*C34 -> 2647696.8 | AT34: =IF(AND($AS34 >= $BI$2, $C34 >= $BJ$2), ($C34 / $BK$2) * 100, "") | AU34: =U34 -> 43929 | AV34: =V34*W34 -> 8896727.7 | AW34: =IF(AND($AV34 >= $BM$2, $W34 >= $BN$2), ($W34 / $BO$2) * 100, "") | BD34: 45124 | BE34: 73008301 | BG34: 45370 | BH34: 24287730
A35: 43930 | B35: 519.8 | C35: 3956 | D35: =(B35-B34)/B34 -> 0.034222045 | F35: Volume recorded | G35: {=_xlfn.XLOOKUP(G34:N34, INDEX(_xlfn.ANCHORARRAY(A2), , 1), INDEX(_xlfn.ANCHORARRAY(A2), , 3), , 0, 2)} -> 7811737 | H35: 4166447 | I35: 4166447 | J35: 2813218 | K35: 5605190 | L35: 5605190 | M35: 5605190 | N35: 1274211 | U35: 43930 | V35: 34.6 | W35: 293989 | X35: =(V35-V34)/V34 -> 0.039039039 | Z35: Volume recorded | AA35: {=_xlfn.XLOOKUP(AA34:AH34, INDEX(_xlfn.ANCHORARRAY(U2), , 1), INDEX(_xlfn.ANCHORARRAY(U2), , 3), , 0, 2)} -> 4230730 | AB35: 4700547 | AC35: 4700547 | AD35: 1598796 | AE35: 3179601 | AF35: 1655462 | AG35: 1655332 | AH35: 660604 | AR35: =A35 -> 43930 | AS35: =B35*C35 -> 2056328.8 | AT35: =IF(AND($AS35 >= $BI$2, $C35 >= $BJ$2), ($C35 / $BK$2) * 100, "") | AU35: =U35 -> 43930 | AV35: =V35*W35 -> 10172019 | AW35: =IF(AND($AV35 >= $BM$2, $W35 >= $BN$2), ($W35 / $BO$2) * 100, "") | BD35: 45125 | BE35: 1.0999685e+08 | BG35: 45371 | BH35: 23702168
A36: 43934 | B36: 508.4 | C36: 1891 | D36: =(B36-B35)/B35 -> -0.021931512 | F36: Price recorded | G36: {=_xlfn.XLOOKUP(G34:N34, INDEX(_xlfn.ANCHORARRAY(A2), , 1), INDEX(_xlfn.ANCHORARRAY(A2), , 2), , 0, 2)} -> 20.39 | H36: 23.93 | I36: 23.93 | J36: 45.24 | K36: 49.39 | L36: 49.39 | M36: 49.39 | N36: 82.81 | U36: 43934 | V36: 33.725 | W36: 75032 | X36: =(V36-V35)/V35 -> -0.025289017 | Z36: Price recorded | AA36: {=_xlfn.XLOOKUP(AA34:AH34, INDEX(_xlfn.ANCHORARRAY(U2), , 1), INDEX(_xlfn.ANCHORARRAY(U2), , 2), , 0, 2)} -> 4.05 | AB36: 4.82 | AC36: 4.82 | AD36: 9.13 | AE36: 9.95 | AF36: 10.42 | AG36: 11.03 | AH36: 30.2675 | AR36: =A36 -> 43934 | AS36: =B36*C36 -> 961384.4 | AT36: =IF(AND($AS36 >= $BI$2, $C36 >= $BJ$2), ($C36 / $BK$2) * 100, "") | AU36: =U36 -> 43934 | AV36: =V36*W36 -> 2530454.2 | AW36: =IF(AND($AV36 >= $BM$2, $W36 >= $BN$2), ($W36 / $BO$2) * 100, "") | BD36: 45126 | BE36: 77881223 | BG36: 45372 | BH36: 31456481
A37: 43935 | B37: 550 | C37: 2368 | D37: =(B37-B36)/B36 -> 0.081825334 | U37: 43935 | V37: 36.225 | W37: 117841 | X37: =(V37-V36)/V36 -> 0.074128984 | AR37: =A37 -> 43935 | AS37: =B37*C37 -> 1302400 | AT37: =IF(AND($AS37 >= $BI$2, $C37 >= $BJ$2), ($C37 / $BK$2) * 100, "") | AU37: =U37 -> 43935 | AV37: =V37*W37 -> 4268790.2 | AW37: =IF(AND($AV37 >= $BM$2, $W37 >= $BN$2), ($W37 / $BO$2) * 100, "") | BD37: 45127 | BE37: 1.9454676e+08 | BG37: 45373 | BH37: 21555790
A38: 43936 | B38: 589.1 | C38: 1997 | D38: =(B38-B37)/B37 -> 0.071090909 | F38: Stock Split History | G38: Ratio | U38: 43936 | V38: 39.15 | W38: 137644 | X38: =(V38-V37)/V37 -> 0.080745342 | Z38: Stock Split History | AA38: Ratio | AR38: =A38 -> 43936 | AS38: =B38*C38 -> 1176432.7 | AT38: =IF(AND($AS38 >= $BI$2, $C38 >= $BJ$2), ($C38 / $BK$2) * 100, "") | AU38: =U38 -> 43936 | AV38: =V38*W38 -> 5388762.6 | AW38: =IF(AND($AV38 >= $BM$2, $W38 >= $BN$2), ($W38 / $BO$2) * 100, "") | BD38: 45128 | BE38: 86481502 | BG38: 45376 | BH38: 19072042
A39: 43937 | B39: 532.756 | C39: 4565 | D39: =(B39-B38)/B38 -> -0.095644203 | F39: 41040 | G39: 0.12569444 | U39: 43937 | V39: 34.65 | W39: 265436 | X39: =(V39-V38)/V38 -> -0.11494253 | Z39: 39918 | AA39: 0.20902778 | AR39: =A39 -> 43937 | AS39: =B39*C39 -> 2432031.1 | AT39: =IF(AND($AS39 >= $BI$2, $C39 >= $BJ$2), ($C39 / $BK$2) * 100, "") | AU39: =U39 -> 43937 | AV39: =V39*W39 -> 9197357.4 | AW39: =IF(AND($AV39 >= $BM$2, $W39 >= $BN$2), ($W39 / $BO$2) * 100, "") | BD39: 45131 | BE39: 81094144 | BG39: 45377 | BH39: 20900053
A40: 43938 | B40: 512.677 | C40: 1898 | D40: =(B40-B39)/B39 -> -0.037688923 | F40: 41435 | G40: 0.044444444 | U40: 43938 | V40: 32.5 | W40: 188957 | X40: =(V40-V39)/V39 -> -0.062049062 | Z40: 40072 | AA40: 0.084027778 | AR40: =A40 -> 43938 | AS40: =B40*C40 -> 973060.95 | AT40: =IF(AND($AS40 >= $BI$2, $C40 >= $BJ$2), ($C40 / $BK$2) * 100, "") | AU40: =U40 -> 43938 | AV40: =V40*W40 -> 6141102.5 | AW40: =IF(AND($AV40 >= $BM$2, $W40 >= $BN$2), ($W40 / $BO$2) * 100, "") | BD40: 45132 | BE40: 1.1474076e+08 | BG40: 45378 | BH40: 19994832
A41: 43941 | B41: 434.8 | C41: 6182 | D41: =(B41-B40)/B40 -> -0.15190266 | F41: 42576 | G41: 0.12569444 | U41: 43941 | V41: 27.1625 | W41: 446752 | X41: =(V41-V40)/V40 -> -0.16423077 | Z41: 41036 | AA41: 0.16736111 | AR41: =A41 -> 43941 | AS41: =B41*C41 -> 2687933.6 | AT41: =IF(AND($AS41 >= $BI$2, $C41 >= $BJ$2), ($C41 / $BK$2) * 100, "") | AU41: =U41 -> 43941 | AV41: =V41*W41 -> 12134901 | AW41: =IF(AND($AV41 >= $BM$2, $W41 >= $BN$2), ($W41 / $BO$2) * 100, "") | BD41: 45133 | BE41: 93206732 | BG41: 45379 | BH41: 42165630
A42: 43942 | B42: 456.3 | C42: 6576 | D42: =(B42-B41)/B41 -> 0.049448022 | F42: 44575 | G42: 0.045138889 | U42: 43942 | V42: 29.5 | W42: 618521 | X42: =(V42-V41)/V41 -> 0.086056144 | Z42: 41369 | AA42: 0.043055556 | AR42: =A42 -> 43942 | AS42: =B42*C42 -> 3000628.8 | AT42: =IF(AND($AS42 >= $BI$2, $C42 >= $BJ$2), ($C42 / $BK$2) * 100, "") | AU42: =U42 -> 43942 | AV42: =V42*W42 -> 18246370 | AW42: =IF(AND($AV42 >= $BM$2, $W42 >= $BN$2), ($W42 / $BO$2) * 100, "") | BD42: 45134 | BE42: 1.0524305e+08 | BG42: 45383 | BH42: 38455963
A43: 43943 | B43: 431.5 | C43: 9894 | D43: =(B43-B42)/B42 -> -0.054350208 | F43: 44707 | G43: 0.044444444 | U43: 43943 | V43: 27.35 | W43: 569055 | X43: =(V43-V42)/V42 -> -0.072881356 | Z43: 41684 | AA43: 0.043055556 | AR43: =A43 -> 43943 | AS43: =B43*C43 -> 4269261 | AT43: =IF(AND($AS43 >= $BI$2, $C43 >= $BJ$2), ($C43 / $BK$2) * 100, "") | AU43: =U43 -> 43943 | AV43: =V43*W43 -> 15563654 | AW43: =IF(AND($AV43 >= $BM$2, $W43 >= $BN$2), ($W43 / $BO$2) * 100, "") | BD43: 45135 | BE43: 70711160 | BG43: 45384 | BH43: 39219811
A44: 43944 | B44: 458.8 | C44: 4898 | D44: =(B44-B43)/B43 -> 0.063267671 | F44: 45393 | G44: 0.084027778 | L44: Select Date | U44: 43944 | V44: 29.95 | W44: 342781 | X44: =(V44-V43)/V43 -> 0.095063985 | Z44: 44505 | AA44: 0.048611111 | AF44: Select Date | AR44: =A44 -> 43944 | AS44: =B44*C44 -> 2247202.4 | AT44: =IF(AND($AS44 >= $BI$2, $C44 >= $BJ$2), ($C44 / $BK$2) * 100, "") | AU44: =U44 -> 43944 | AV44: =V44*W44 -> 10266291 | AW44: =IF(AND($AV44 >= $BM$2, $W44 >= $BN$2), ($W44 / $BO$2) * 100, "") | BD44: 45138 | BE44: 64351635 | BG44: 45385 | BH44: 19674831
A45: 43945 | B45: 480.805 | C45: 6781 | D45: =(B45-B44)/B44 -> 0.047962075 | L45: 45076 | U45: 43945 | V45: 32.25 | W45: 320922 | X45: =(V45-V44)/V44 -> 0.076794658 | Z45: 44810 | AA45: 0.048611111 | AF45: 45323 | AR45: =A45 -> 43945 | AS45: =B45*C45 -> 3260338.7 | AT45: =IF(AND($AS45 >= $BI$2, $C45 >= $BJ$2), ($C45 / $BK$2) * 100, "") | AU45: =U45 -> 43945 | AV45: =V45*W45 -> 10349734 | AW45: =IF(AND($AV45 >= $BM$2, $W45 >= $BN$2), ($W45 / $BO$2) * 100, "") | BD45: 45139 | BE45: 54998549 | BG45: 45386 | BH45: 28685251
A46: 43948 | B46: 465.1 | C46: 5893 | D46: =(B46-B45)/B45 -> -0.03266397 | U46: 43948 | V46: 30.9 | W46: 403503 | X46: =(V46-V45)/V45 -> -0.041860465 | Z46: 45624 | AA46: 0.16736111 | AR46: =A46 -> 43948 | AS46: =B46*C46 -> 2740834.3 | AT46: =IF(AND($AS46 >= $BI$2, $C46 >= $BJ$2), ($C46 / $BK$2) * 100, "") | AU46: =U46 -> 43948 | AV46: =V46*W46 -> 12468243 | AW46: =IF(AND($AV46 >= $BM$2, $W46 >= $BN$2), ($W46 / $BO$2) * 100, "") | BD46: 45140 | BE46: 53650335 | BG46: 45387 | BH46: 39311642
A47: 43949 | B47: 456.2 | C47: 3810 | D47: =(B47-B46)/B46 -> -0.01913567 | U47: 43949 | V47: 30 | W47: 298934 | X47: =(V47-V46)/V46 -> -0.029126214 | AR47: =A47 -> 43949 | AS47: =B47*C47 -> 1738122 | AT47: =IF(AND($AS47 >= $BI$2, $C47 >= $BJ$2), ($C47 / $BK$2) * 100, "") | AU47: =U47 -> 43949 | AV47: =V47*W47 -> 8968020 | AW47: =IF(AND($AV47 >= $BM$2, $W47 >= $BN$2), ($W47 / $BO$2) * 100, "") | BD47: 45141 | BE47: 73139718 | BG47: 45390 | BH47: 29159373
A48: 43950 | B48: 484.9 | C48: 4250 | D48: =(B48-B47)/B47 -> 0.062911004 | U48: 43950 | V48: 31.95 | W48: 267654 | X48: =(V48-V47)/V47 -> 0.065 | AR48: =A48 -> 43950 | AS48: =B48*C48 -> 2060825 | AT48: =IF(AND($AS48 >= $BI$2, $C48 >= $BJ$2), ($C48 / $BK$2) * 100, "") | AU48: =U48 -> 43950 | AV48: =V48*W48 -> 8551545.3 | AW48: =IF(AND($AV48 >= $BM$2, $W48 >= $BN$2), ($W48 / $BO$2) * 100, "") | BD48: 45142 | BE48: 47093861 | BG48: 45391 | BH48: 32041714
A49: 43951 | B49: 456.354 | C49: 5507 | D49: =(B49-B48)/B48 -> -0.05886987 | U49: 43951 | V49: 29.775 | W49: 348441 | X49: =(V49-V48)/V48 -> -0.068075117 | AR49: =A49 -> 43951 | AS49: =B49*C49 -> 2513141.5 | AT49: =IF(AND($AS49 >= $BI$2, $C49 >= $BJ$2), ($C49 / $BK$2) * 100, "") | AU49: =U49 -> 43951 | AV49: =V49*W49 -> 10374831 | AW49: =IF(AND($AV49 >= $BM$2, $W49 >= $BN$2), ($W49 / $BO$2) * 100, "") | BD49: 45145 | BE49: 1.6804047e+08 | BG49: 45392 | BH49: 25050671
A50: 43952 | B50: 470.859 | C50: 6110 | D50: =(B50-B49)/B49 -> 0.031784536 | U50: 43952 | V50: 31.5 | W50: 348088 | X50: =(V50-V49)/V49 -> 0.057934509 | AR50: =A50 -> 43952 | AS50: =B50*C50 -> 2876948.5 | AT50: =IF(AND($AS50 >= $BI$2, $C50 >= $BJ$2), ($C50 / $BK$2) * 100, "") | AU50: =U50 -> 43952 | AV50: =V50*W50 -> 10964772 | AW50: =IF(AND($AV50 >= $BM$2, $W50 >= $BN$2), ($W50 / $BO$2) * 100, "") | BD50: 45146 | BE50: 1.3404241e+08 | BG50: 45393 | BH50: 26123316
A51: 43955 | B51: 424.336 | C51: 3861 | D51: =(B51-B50)/B50 -> -0.098804525 | U51: 43955 | V51: 27.975 | W51: 450577 | X51: =(V51-V50)/V50 -> -0.11190476 | AR51: =A51 -> 43955 | AS51: =B51*C51 -> 1638361.3 | AT51: =IF(AND($AS51 >= $BI$2, $C51 >= $BJ$2), ($C51 / $BK$2) * 100, "") | AU51: =U51 -> 43955 | AV51: =V51*W51 -> 12604892 | AW51: =IF(AND($AV51 >= $BM$2, $W51 >= $BN$2), ($W51 / $BO$2) * 100, "") | BD51: 45147 | BE51: 2.5388159e+08 | BG51: 45394 | BH51: 16595509
A52: 43956 | B52: 405.65 | C52: 5091 | D52: =(B52-B51)/B51 -> -0.044035858 | U52: 43956 | V52: 24.85 | W52: 702646 | X52: =(V52-V51)/V51 -> -0.11170688 | AR52: =A52 -> 43956 | AS52: =B52*C52 -> 2065164.1 | AT52: =IF(AND($AS52 >= $BI$2, $C52 >= $BJ$2), ($C52 / $BK$2) * 100, "") | AU52: =U52 -> 43956 | AV52: =V52*W52 -> 17460753 | AW52: =IF(AND($AV52 >= $BM$2, $W52 >= $BN$2), ($W52 / $BO$2) * 100, "") | BD52: 45148 | BE52: 1.7892875e+08 | BG52: 45397 | BH52: 27960435
A53: 43957 | B53: 436.6 | C53: 5136 | D53: =(B53-B52)/B52 -> 0.076297301 | U53: 43957 | V53: 27.975 | W53: 600313 | X53: =(V53-V52)/V52 -> 0.12575453 | AR53: =A53 -> 43957 | AS53: =B53*C53 -> 2242377.6 | AT53: =IF(AND($AS53 >= $BI$2, $C53 >= $BJ$2), ($C53 / $BK$2) * 100, "") | AU53: =U53 -> 43957 | AV53: =V53*W53 -> 16793756 | AW53: =IF(AND($AV53 >= $BM$2, $W53 >= $BN$2), ($W53 / $BO$2) * 100, "") | BD53: 45149 | BE53: 1.2774743e+08 | BG53: 45398 | BH53: 29069184
A54: 43958 | B54: 458.1 | C54: 4620 | D54: =(B54-B53)/B53 -> 0.049244159 | U54: 43958 | V54: 29.375 | W54: 312332 | X54: =(V54-V53)/V53 -> 0.050044683 | AR54: =A54 -> 43958 | AS54: =B54*C54 -> 2116422 | AT54: =IF(AND($AS54 >= $BI$2, $C54 >= $BJ$2), ($C54 / $BK$2) * 100, "") | AU54: =U54 -> 43958 | AV54: =V54*W54 -> 9174752.5 | AW54: =IF(AND($AV54 >= $BM$2, $W54 >= $BN$2), ($W54 / $BO$2) * 100, "") | BD54: 45152 | BE54: 71838776 | BG54: 45399 | BH54: 21291660
A55: 43959 | B55: 476.3 | C55: 3277 | D55: =(B55-B54)/B54 -> 0.039729317 | U55: 43959 | V55: 31.15 | W55: 266902 | X55: =(V55-V54)/V54 -> 0.060425532 | AR55: =A55 -> 43959 | AS55: =B55*C55 -> 1560835.1 | AT55: =IF(AND($AS55 >= $BI$2, $C55 >= $BJ$2), ($C55 / $BK$2) * 100, "") | AU55: =U55 -> 43959 | AV55: =V55*W55 -> 8313997.3 | AW55: =IF(AND($AV55 >= $BM$2, $W55 >= $BN$2), ($W55 / $BO$2) * 100, "") | BD55: 45153 | BE55: 1.0376336e+08 | BG55: 45400 | BH55: 25139309
A56: 43962 | B56: 470.213 | C56: 3864 | D56: =(B56-B55)/B55 -> -0.012779761 | U56: 43962 | V56: 30.75 | W56: 236556 | X56: =(V56-V55)/V55 -> -0.012841091 | AR56: =A56 -> 43962 | AS56: =B56*C56 -> 1816903 | AT56: =IF(AND($AS56 >= $BI$2, $C56 >= $BJ$2), ($C56 / $BK$2) * 100, "") | AU56: =U56 -> 43962 | AV56: =V56*W56 -> 7274097 | AW56: =IF(AND($AV56 >= $BM$2, $W56 >= $BN$2), ($W56 / $BO$2) * 100, "") | BD56: 45154 | BE56: 85397900 | BG56: 45401 | BH56: 29747072
A57: 43963 | B57: 535.3 | C57: 8325 | D57: =(B57-B56)/B56 -> 0.13842025 | U57: 43963 | V57: 35.025 | W57: 343932 | X57: =(V57-V56)/V56 -> 0.13902439 | AR57: =A57 -> 43963 | AS57: =B57*C57 -> 4456372.5 | AT57: =IF(AND($AS57 >= $BI$2, $C57 >= $BJ$2), ($C57 / $BK$2) * 100, "") | AU57: =U57 -> 43963 | AV57: =V57*W57 -> 12046218 | AW57: =IF(AND($AV57 >= $BM$2, $W57 >= $BN$2), ($W57 / $BO$2) * 100, "") | BD57: 45155 | BE57: 64730953 | BG57: 45404 | BH57: 36647653
A58: 43964 | B58: 576.1 | C58: 11963 | D58: =(B58-B57)/B57 -> 0.076218943 | U58: 43964 | V58: 37.65 | W58: 239292 | X58: =(V58-V57)/V57 -> 0.074946467 | AR58: =A58 -> 43964 | AS58: =B58*C58 -> 6891884.3 | AT58: =IF(AND($AS58 >= $BI$2, $C58 >= $BJ$2), ($C58 / $BK$2) * 100, "") | AU58: =U58 -> 43964 | AV58: =V58*W58 -> 9009343.8 | AW58: =IF(AND($AV58 >= $BM$2, $W58 >= $BN$2), ($W58 / $BO$2) * 100, "") | BD58: 45156 | BE58: 85383363 | BG58: 45405 | BH58: 25040894
... A423: 44491 | B423: 76.6 | C423: 965798 | D423: =(B423-B422)/B422 -> -0.016688062 | U423: 44496 | V423: 3.575 | W423: 4075600 | X423: =(V423-V422)/V422 -> -0.052980132 | AR423: =A423 -> 44491 | AS423: =B423*C423 -> 73980127 | AT423: =IF(AND($AS423 >= $BI$2, $C423 >= $BJ$2), ($C423 / $BK$2) * 100, "") | AU423: =U423 -> 44496 | AV423: =V423*W423 -> 14570270 | AW423: =IF(AND($AV423 >= $BM$2, $W423 >= $BN$2), ($W423 / $BO$2) * 100, "") | BD423: 45691 | BE423: 3.0068151e+08 | BG423: 45936 | BH423: 24303929
A424: 44494 | B424: 60.2 | C424: 2617192 | D424: =(B424-B423)/B423 -> -0.21409922 | U424: 44497 | V424: 3.975 | W424: 4375855 | X424: =(V424-V423)/V423 -> 0.11188811 | AR424: =A424 -> 44494 | AS424: =B424*C424 -> 1.5755496e+08 | AT424: =IF(AND($AS424 >= $BI$2, $C424 >= $BJ$2), ($C424 / $BK$2) * 100, "") | AU424: =U424 -> 44497 | AV424: =V424*W424 -> 17394024 | AW424: =IF(AND($AV424 >= $BM$2, $W424 >= $BN$2), ($W424 / $BO$2) * 100, "") | BD424: 45692 | BE424: 1.8650326e+08 | BG424: 45937 | BH424: #REF!
A425: 44495 | B425: 62.9 | C425: 1583794 | D425: =(B425-B424)/B424 -> 0.044850498 | U425: 44498 | V425: 4.25 | W425: 2572293 | X425: =(V425-V424)/V424 -> 0.06918239 | AR425: =A425 -> 44495 | AS425: =B425*C425 -> 99620643 | AT425: =IF(AND($AS425 >= $BI$2, $C425 >= $BJ$2), ($C425 / $BK$2) * 100, "") | AU425: =U425 -> 44498 | AV425: =V425*W425 -> 10932245 | AW425: =IF(AND($AV425 >= $BM$2, $W425 >= $BN$2), ($W425 / $BO$2) * 100, "") | BD425: 45693 | BE425: 1.8259636e+08 | BG425: 45938 | BH425: 29560598
A426: 44496 | B426: 59.8 | C426: 2730018 | D426: =(B426-B425)/B425 -> -0.049284579 | U426: 44501 | V426: 4.775 | W426: 2489947 | X426: =(V426-V425)/V425 -> 0.12352941 | AR426: =A426 -> 44496 | AS426: =B426*C426 -> 1.6325508e+08 | AT426: =IF(AND($AS426 >= $BI$2, $C426 >= $BJ$2), ($C426 / $BK$2) * 100, "") | AU426: =U426 -> 44501 | AV426: =V426*W426 -> 11889497 | AW426: =IF(AND($AV426 >= $BM$2, $W426 >= $BN$2), ($W426 / $BO$2) * 100, "") | BD426: 45694 | BE426: 1.6131672e+08 | BG426: 45939 | BH426: 17974480
A427: 44497 | B427: 66.2 | C427: 1671676 | D427: =(B427-B426)/B426 -> 0.10702341 | U427: 44502 | V427: 4.2 | W427: 2621924 | X427: =(V427-V426)/V426 -> -0.12041885 | AR427: =A427 -> 44497 | AS427: =B427*C427 -> 1.1066495e+08 | AT427: =IF(AND($AS427 >= $BI$2, $C427 >= $BJ$2), ($C427 / $BK$2) * 100, "") | AU427: =U427 -> 44502 | AV427: =V427*W427 -> 11012081 | AW427: =IF(AND($AV427 >= $BM$2, $W427 >= $BN$2), ($W427 / $BO$2) * 100, "") | BD427: 45695 | BE427: 1.2473404e+08 | BG427: 45940 | BH427: 21543638
A428: 44498 | B428: 71.1 | C428: 1278531 | D428: =(B428-B427)/B427 -> 0.074018127 | U428: 44503 | V428: 3.75 | W428: 3170755 | X428: =(V428-V427)/V427 -> -0.10714286 | AR428: =A428 -> 44498 | AS428: =B428*C428 -> 90903554 | AT428: =IF(AND($AS428 >= $BI$2, $C428 >= $BJ$2), ($C428 / $BK$2) * 100, "") | AU428: =U428 -> 44503 | AV428: =V428*W428 -> 11890331 | AW428: =IF(AND($AV428 >= $BM$2, $W428 >= $BN$2), ($W428 / $BO$2) * 100, "") | BD428: 45698 | BE428: 1.8709188e+08 | BG428: 45944 | BH428: 13088603
A429: 44501 | B429: 79.1 | C429: 1080280 | D429: =(B429-B428)/B428 -> 0.11251758 | U429: 44504 | V429: 3.925 | W429: 3432842 | X429: =(V429-V428)/V428 -> 0.046666667 | AR429: =A429 -> 44501 | AS429: =B429*C429 -> 85450148 | AT429: =IF(AND($AS429 >= $BI$2, $C429 >= $BJ$2), ($C429 / $BK$2) * 100, "") | AU429: =U429 -> 44504 | AV429: =V429*W429 -> 13473905 | AW429: =IF(AND($AV429 >= $BM$2, $W429 >= $BN$2), ($W429 / $BO$2) * 100, "") | BD429: 45699 | BE429: 1.8226158e+08 | BG429: 45945 | BH429: 14686287
A430: 44502 | B430: 70.3 | C430: 1393226 | D430: =(B430-B429)/B429 -> -0.11125158 | U430: 44505 | V430: 40.125 | W430: 177684 | AR430: =A430 -> 44502 | AS430: =B430*C430 -> 97943788 | AT430: =IF(AND($AS430 >= $BI$2, $C430 >= $BJ$2), ($C430 / $BK$2) * 100, "") | AU430: =U430 -> 44505 | AV430: =V430*W430 -> 7129570.5 | AW430: =IF(AND($AV430 >= $BM$2, $W430 >= $BN$2), ($W430 / $BO$2) * 100, "") | BD430: 45700 | BE430: 1.4484978e+08 | BG430: 45946 | BH430: 17249914
A431: 44503 | B431: 62.9 | C431: 1538298 | D431: =(B431-B430)/B430 -> -0.10526316 | U431: 44508 | V431: 43.5 | W431: 276519 | X431: =(V431-V430)/V430 -> 0.08411215 | AR431: =A431 -> 44503 | AS431: =B431*C431 -> 96758944 | AT431: =IF(AND($AS431 >= $BI$2, $C431 >= $BJ$2), ($C431 / $BK$2) * 100, "") | AU431: =U431 -> 44508 | AV431: =V431*W431 -> 12028576 | AW431: =IF(AND($AV431 >= $BM$2, $W431 >= $BN$2), ($W431 / $BO$2) * 100, "") | BD431: 45701 | BE431: 2.7373712e+08 | BG431: 45947 | BH431: 12750052
A432: 44504 | B432: 65.7 | C432: 1557812 | D432: =(B432-B431)/B431 -> 0.044515103 | U432: 44509 | V432: 50.5 | W432: 195513 | X432: =(V432-V431)/V431 -> 0.16091954 | AR432: =A432 -> 44504 | AS432: =B432*C432 -> 1.0234825e+08 | AT432: =IF(AND($AS432 >= $BI$2, $C432 >= $BJ$2), ($C432 / $BK$2) * 100, "") | AU432: =U432 -> 44509 | AV432: =V432*W432 -> 9873406.5 | AW432: =IF(AND($AV432 >= $BM$2, $W432 >= $BN$2), ($W432 / $BO$2) * 100, "") | BD432: 45702 | BE432: 2.0037637e+08 | BG432: 45950 | BH432: 28245914
A433: 44505 | B433: 67.1 | C433: 1033634 | D433: =(B433-B432)/B432 -> 0.02130898 | U433: 44510 | V433: 51.45 | W433: 220738 | X433: =(V433-V432)/V432 -> 0.018811881 | AR433: =A433 -> 44505 | AS433: =B433*C433 -> 69356841 | AT433: =IF(AND($AS433 >= $BI$2, $C433 >= $BJ$2), ($C433 / $BK$2) * 100, "") | AU433: =U433 -> 44510 | AV433: =V433*W433 -> 11356970 | AW433: =IF(AND($AV433 >= $BM$2, $W433 >= $BN$2), ($W433 / $BO$2) * 100, "") | BD433: 45706 | BE433: 3.3016296e+08 | BG433: 45951 | BH433: 24413136
A434: 44508 | B434: 73 | C434: 951774 | D434: =(B434-B433)/B433 -> 0.087928465 | U434: 44511 | V434: 46.6 | W434: 240097 | X434: =(V434-V433)/V433 -> -0.094266278 | AR434: =A434 -> 44508 | AS434: =B434*C434 -> 69479502 | AT434: =IF(AND($AS434 >= $BI$2, $C434 >= $BJ$2), ($C434 / $BK$2) * 100, "") | AU434: =U434 -> 44511 | AV434: =V434*W434 -> 11188520 | AW434: =IF(AND($AV434 >= $BM$2, $W434 >= $BN$2), ($W434 / $BO$2) * 100, "") | BD434: 45707 | BE434: 4.1100274e+08 | BG434: 45952 | BH434: 23028736
A435: 44509 | B435: 84.8 | C435: 1569682 | D435: =(B435-B434)/B434 -> 0.16164384 | U435: 44512 | V435: 53.35 | W435: 272566 | X435: =(V435-V434)/V434 -> 0.14484979 | AR435: =A435 -> 44509 | AS435: =B435*C435 -> 1.3310903e+08 | AT435: =IF(AND($AS435 >= $BI$2, $C435 >= $BJ$2), ($C435 / $BK$2) * 100, "") | AU435: =U435 -> 44512 | AV435: =V435*W435 -> 14541396 | AW435: =IF(AND($AV435 >= $BM$2, $W435 >= $BN$2), ($W435 / $BO$2) * 100, "") | BD435: 45708 | BE435: 2.4659586e+08 | BG435: 45953 | BH435: 28657542
A436: 44510 | B436: 86.2 | C436: 985010 | D436: =(B436-B435)/B435 -> 0.016509434 | U436: 44515 | V436: 48.725 | W436: 431308 | X436: =(V436-V435)/V435 -> -0.086691659 | AR436: =A436 -> 44510 | AS436: =B436*C436 -> 84907862 | AT436: =IF(AND($AS436 >= $BI$2, $C436 >= $BJ$2), ($C436 / $BK$2) * 100, "") | AU436: =U436 -> 44515 | AV436: =V436*W436 -> 21015482 | AW436: =IF(AND($AV436 >= $BM$2, $W436 >= $BN$2), ($W436 / $BO$2) * 100, "") | BD436: 45709 | BE436: 3.8599189e+08 | BG436: 45954 | BH436: 27178073
A437: 44511 | B437: 78.3 | C437: 1096026 | D437: =(B437-B436)/B436 -> -0.091647332 | U437: 44516 | V437: 46.375 | W437: 592503 | X437: =(V437-V436)/V436 -> -0.048229861 | AR437: =A437 -> 44511 | AS437: =B437*C437 -> 85818836 | AT437: =IF(AND($AS437 >= $BI$2, $C437 >= $BJ$2), ($C437 / $BK$2) * 100, "") | AU437: =U437 -> 44516 | AV437: =V437*W437 -> 27477327 | AW437: =IF(AND($AV437 >= $BM$2, $W437 >= $BN$2), ($W437 / $BO$2) * 100, "") | BD437: 45712 | BE437: 1.9226668e+08 | BG437: 45957 | BH437: 21726977
A438: 44512 | B438: 87.6 | C438: 1222461 | D438: =(B438-B437)/B437 -> 0.11877395 | U438: 44517 | V438: 50.775 | W438: 463379 | X438: =(V438-V437)/V437 -> 0.094878706 | AR438: =A438 -> 44512 | AS438: =B438*C438 -> 1.0708758e+08 | AT438: =IF(AND($AS438 >= $BI$2, $C438 >= $BJ$2), ($C438 / $BK$2) * 100, "") | AU438: =U438 -> 44517 | AV438: =V438*W438 -> 23528069 | AW438: =IF(AND($AV438 >= $BM$2, $W438 >= $BN$2), ($W438 / $BO$2) * 100, "") | BD438: 45713 | BE438: 1.4108418e+08 | BG438: 45958 | BH438: 30896893
A439: 44515 | B439: 79.7 | C439: 896563 | D439: =(B439-B438)/B438 -> -0.090182648 | U439: 44518 | V439: 50.125 | W439: 327873 | X439: =(V439-V438)/V438 -> -0.012801576 | AR439: =A439 -> 44515 | AS439: =B439*C439 -> 71456071 | AT439: =IF(AND($AS439 >= $BI$2, $C439 >= $BJ$2), ($C439 / $BK$2) * 100, "") | AU439: =U439 -> 44518 | AV439: =V439*W439 -> 16434634 | AW439: =IF(AND($AV439 >= $BM$2, $W439 >= $BN$2), ($W439 / $BO$2) * 100, "") | BD439: 45714 | BE439: 1.5730078e+08 | BG439: 45959 | BH439: 22834253
A440: 44516 | B440: 76.1 | C440: 1418068 | D440: =(B440-B439)/B439 -> -0.045169385 | U440: 44519 | V440: 47.85 | W440: 466455 | X440: =(V440-V439)/V439 -> -0.045386534 | AR440: =A440 -> 44516 | AS440: =B440*C440 -> 1.0791497e+08 | AT440: =IF(AND($AS440 >= $BI$2, $C440 >= $BJ$2), ($C440 / $BK$2) * 100, "") | AU440: =U440 -> 44519 | AV440: =V440*W440 -> 22319872 | AW440: =IF(AND($AV440 >= $BM$2, $W440 >= $BN$2), ($W440 / $BO$2) * 100, "") | BD440: 45715 | BE440: 2.3549887e+08 | BG440: 45960 | BH440: 35664341
A441: 44517 | B441: 83.2 | C441: 1032560 | D441: =(B441-B440)/B440 -> 0.093298292 | U441: 44522 | V441: 52.45 | W441: 435929 | X441: =(V441-V440)/V440 -> 0.096133751 | AR441: =A441 -> 44517 | AS441: =B441*C441 -> 85908992 | AT441: =IF(AND($AS441 >= $BI$2, $C441 >= $BJ$2), ($C441 / $BK$2) * 100, "") | AU441: =U441 -> 44522 | AV441: =V441*W441 -> 22864476 | AW441: =IF(AND($AV441 >= $BM$2, $W441 >= $BN$2), ($W441 / $BO$2) * 100, "") | BD441: 45716 | BE441: 1.9562756e+08 | BG441: 45961 | BH441: 25138500
A442: 44518 | B442: 82.4 | C442: 904062 | D442: =(B442-B441)/B441 -> -0.0096153846 | U442: 44523 | V442: 47.25 | W442: 628183 | X442: =(V442-V441)/V441 -> -0.09914204 | AR442: =A442 -> 44518 | AS442: =B442*C442 -> 74494709 | AT442: =IF(AND($AS442 >= $BI$2, $C442 >= $BJ$2), ($C442 / $BK$2) * 100, "") | AU442: =U442 -> 44523 | AV442: =V442*W442 -> 29681647 | AW442: =IF(AND($AV442 >= $BM$2, $W442 >= $BN$2), ($W442 / $BO$2) * 100, "") | BD442: 45719 | BE442: 2.5912256e+08 | BG442: 45964 | BH442: 30565552
... A479: 44573 | B479: 80.9 | C479: 2086381 | D479: =(B479-B478)/B478 -> -0.17617108 | U479: 44579 | V479: 48.475 | W479: 198516 | X479: =(V479-V478)/V478 -> 0.0083203328 | AR479: =A479 -> 44573 | AS479: =B479*C479 -> 1.6878822e+08 | AT479: =IF(AND($AS479 >= $BI$2, $C479 >= $BJ$2), ($C479 / $BK$2) * 100, "") | AU479: =U479 -> 44579 | AV479: =V479*W479 -> 9623063.1 | AW479: =IF(AND($AV479 >= $BM$2, $W479 >= $BN$2), ($W479 / $BO$2) * 100, "") | BD479: 45771 | BE479: 163222284 | BG479: 46015 | BH479: 17527665
A480: 44574 | B480: 91.3 | C480: 1230467 | D480: =(B480-B479)/B479 -> 0.12855377 | U480: 44580 | V480: 54.275 | W480: 289594 | X480: =(V480-V479)/V479 -> 0.1196493 | AR480: =A480 -> 44574 | AS480: =B480*C480 -> 1.1234164e+08 | AT480: =IF(AND($AS480 >= $BI$2, $C480 >= $BJ$2), ($C480 / $BK$2) * 100, "") | AU480: =U480 -> 44580 | AV480: =V480*W480 -> 15717714 | AW480: =IF(AND($AV480 >= $BM$2, $W480 >= $BN$2), ($W480 / $BO$2) * 100, "") | BD480: 45772 | BE480: 1.5105765e+08 | BG480: 46020 | BH480: #REF!
A481: 44575 | B481: 89.26 | C481: 523759 | D481: =(B481-B480)/B480 -> -0.022343921 | U481: 44581 | V481: 59.125 | W481: 307751 | X481: =(V481-V480)/V480 -> 0.089359742 | AR481: =A481 -> 44575 | AS481: =B481*C481 -> 46750728 | AT481: =IF(AND($AS481 >= $BI$2, $C481 >= $BJ$2), ($C481 / $BK$2) * 100, "") | AU481: =U481 -> 44581 | AV481: =V481*W481 -> 18195778 | AW481: =IF(AND($AV481 >= $BM$2, $W481 >= $BN$2), ($W481 / $BO$2) * 100, "") | BD481: 45775 | BE481: 2.3883483e+08 | BG481: 46021 | BH481: 25070455
A482: 44579 | B482: 88.46 | C482: 561185 | D482: =(B482-B481)/B481 -> -0.0089625812 | U482: 44582 | V482: 56.275 | W482: 347859 | X482: =(V482-V481)/V481 -> -0.04820296 | AR482: =A482 -> 44579 | AS482: =B482*C482 -> 49642425 | AT482: =IF(AND($AS482 >= $BI$2, $C482 >= $BJ$2), ($C482 / $BK$2) * 100, "") | AU482: =U482 -> 44582 | AV482: =V482*W482 -> 19575765 | AW482: =IF(AND($AV482 >= $BM$2, $W482 >= $BN$2), ($W482 / $BO$2) * 100, "") | BD482: 45776 | BE482: 1.4074643e+08 | BG482: 46022 | BH482: 19149415
A483: 44580 | B483: 99.2 | C483: 682029 | D483: =(B483-B482)/B482 -> 0.12141081 | U483: 44585 | V483: 54.175 | W483: 322711 | X483: =(V483-V482)/V482 -> -0.037316748 | AR483: =A483 -> 44580 | AS483: =B483*C483 -> 67657277 | AT483: =IF(AND($AS483 >= $BI$2, $C483 >= $BJ$2), ($C483 / $BK$2) * 100, "") | AU483: =U483 -> 44585 | AV483: =V483*W483 -> 17482868 | AW483: =IF(AND($AV483 >= $BM$2, $W483 >= $BN$2), ($W483 / $BO$2) * 100, "") | BD483: 45777 | BE483: 1.704605e+08 | BG483: 46024 | BH483: 22000392
A484: 44581 | B484: 108.08 | C484: 668088 | D484: =(B484-B483)/B483 -> 0.089516129 | U484: 44586 | V484: 52.3 | W484: 175862 | X484: =(V484-V483)/V483 -> -0.03461006 | AR484: =A484 -> 44581 | AS484: =B484*C484 -> 72206951 | AT484: =IF(AND($AS484 >= $BI$2, $C484 >= $BJ$2), ($C484 / $BK$2) * 100, "") | AU484: =U484 -> 44586 | AV484: =V484*W484 -> 9197582.6 | AW484: =IF(AND($AV484 >= $BM$2, $W484 >= $BN$2), ($W484 / $BO$2) * 100, "") | BD484: 45778 | BE484: 1.7251667e+08 | BG484: 46027 | BH484: 39121139
A485: 44582 | B485: 102.86 | C485: 495378 | D485: =(B485-B484)/B484 -> -0.048297557 | U485: 44587 | V485: 49.075 | W485: 506036 | X485: =(V485-V484)/V484 -> -0.06166348 | AR485: =A485 -> 44582 | AS485: =B485*C485 -> 50954581 | AT485: =IF(AND($AS485 >= $BI$2, $C485 >= $BJ$2), ($C485 / $BK$2) * 100, "") | AU485: =U485 -> 44587 | AV485: =V485*W485 -> 24833717 | AW485: =IF(AND($AV485 >= $BM$2, $W485 >= $BN$2), ($W485 / $BO$2) * 100, "") | BD485: 45779 | BE485: 1.7182848e+08 | BG485: 46028 | BH485: 32751218
A486: 44585 | B486: 99.32 | C486: 973301 | D486: =(B486-B485)/B485 -> -0.034415711 | U486: 44588 | V486: 40.925 | W486: 915795 | X486: =(V486-V485)/V485 -> -0.16607234 | AR486: =A486 -> 44585 | AS486: =B486*C486 -> 96668255 | AT486: =IF(AND($AS486 >= $BI$2, $C486 >= $BJ$2), ($C486 / $BK$2) * 100, "") | AU486: =U486 -> 44588 | AV486: =V486*W486 -> 37478910 | AW486: =IF(AND($AV486 >= $BM$2, $W486 >= $BN$2), ($W486 / $BO$2) * 100, "") | BD486: 45782 | BE486: 1.5502369e+08 | BG486: 46029 | BH486: 38061699
A487: 44586 | B487: 95.7 | C487: 266475 | D487: =(B487-B486)/B486 -> -0.036447845 | U487: 44589 | V487: 34.875 | W487: 1364929 | X487: =(V487-V486)/V486 -> -0.1478314 | AR487: =A487 -> 44586 | AS487: =B487*C487 -> 25501658 | AT487: =IF(AND($AS487 >= $BI$2, $C487 >= $BJ$2), ($C487 / $BK$2) * 100, "") | AU487: =U487 -> 44589 | AV487: =V487*W487 -> 47601899 | AW487: =IF(AND($AV487 >= $BM$2, $W487 >= $BN$2), ($W487 / $BO$2) * 100, "") | BD487: 45783 | BE487: 2.218142e+08 | BG487: 46030 | BH487: 26879830
A488: 44587 | B488: 89.82 | C488: 794439 | D488: =(B488-B487)/B487 -> -0.061442006 | U488: 44592 | V488: 31.625 | W488: 687785 | X488: =(V488-V487)/V487 -> -0.093189964 | AR488: =A488 -> 44587 | AS488: =B488*C488 -> 71356511 | AT488: =IF(AND($AS488 >= $BI$2, $C488 >= $BJ$2), ($C488 / $BK$2) * 100, "") | AU488: =U488 -> 44592 | AV488: =V488*W488 -> 21751201 | AW488: =IF(AND($AV488 >= $BM$2, $W488 >= $BN$2), ($W488 / $BO$2) * 100, "") | BD488: 45784 | BE488: 1.5536287e+08 | BG488: 46031 | BH488: 31637030
A489: 44588 | B489: 75.02 | C489: 1702655 | D489: =(B489-B488)/B488 -> -0.16477399 | U489: 44593 | V489: 31.25 | W489: 902378 | X489: =(V489-V488)/V488 -> -0.011857708 | AR489: =A489 -> 44588 | AS489: =B489*C489 -> 1.2773318e+08 | AT489: =IF(AND($AS489 >= $BI$2, $C489 >= $BJ$2), ($C489 / $BK$2) * 100, "") | AU489: =U489 -> 44593 | AV489: =V489*W489 -> 28199312 | AW489: =IF(AND($AV489 >= $BM$2, $W489 >= $BN$2), ($W489 / $BO$2) * 100, "") | BD489: 45785 | BE489: 1.5361877e+08 | BG489: 46034 | BH489: 31550919
A490: 44589 | B490: 63.98 | C490: 3179374 | D490: =(B490-B489)/B489 -> -0.14716076 | U490: 44594 | V490: 23.325 | W490: 2247409 | X490: =(V490-V489)/V489 -> -0.2536 | AR490: =A490 -> 44589 | AS490: =B490*C490 -> 2.0341635e+08 | AT490: =IF(AND($AS490 >= $BI$2, $C490 >= $BJ$2), ($C490 / $BK$2) * 100, "") | AU490: =U490 -> 44594 | AV490: =V490*W490 -> 52420815 | AW490: =IF(AND($AV490 >= $BM$2, $W490 >= $BN$2), ($W490 / $BO$2) * 100, "") | BD490: 45786 | BE490: 2.3988635e+08 | BG490: 46035 | BH490: 32259968
A491: 44592 | B491: 57.98 | C491: 2498749 | D491: =(B491-B490)/B490 -> -0.093779306 | U491: 44595 | V491: 27.275 | W491: 1471355 | X491: =(V491-V490)/V490 -> 0.1693462 | AR491: =A491 -> 44592 | AS491: =B491*C491 -> 1.4487747e+08 | AT491: =IF(AND($AS491 >= $BI$2, $C491 >= $BJ$2), ($C491 / $BK$2) * 100, "") | AU491: =U491 -> 44595 | AV491: =V491*W491 -> 40131208 | AW491: =IF(AND($AV491 >= $BM$2, $W491 >= $BN$2), ($W491 / $BO$2) * 100, "") | BD491: 45789 | BE491: 1.3973535e+08 | BG491: 46036 | BH491: 29844159
A492: 44593 | B492: 57.22 | C492: 2010285 | D492: =(B492-B491)/B491 -> -0.013107968 | U492: 44596 | V492: 32.075 | W492: 884190 | X492: =(V492-V491)/V491 -> 0.17598533 | AR492: =A492 -> 44593 | AS492: =B492*C492 -> 1.1502851e+08 | AT492: =IF(AND($AS492 >= $BI$2, $C492 >= $BJ$2), ($C492 / $BK$2) * 100, "") | AU492: =U492 -> 44596 | AV492: =V492*W492 -> 28360394 | AW492: =IF(AND($AV492 >= $BM$2, $W492 >= $BN$2), ($W492 / $BO$2) * 100, "") | BD492: 45790 | BE492: 1.2382887e+08 | BG492: 46037 | BH492: 17317898
... A517: 44629 | B517: 52.28 | C517: 932910 | D517: =(B517-B516)/B516 -> 0.019898556 | U517: 44634 | V517: 26.075 | W517: 360628 | X517: =(V517-V516)/V516 -> 0.036779324 | AR517: =A517 -> 44629 | AS517: =B517*C517 -> 48772535 | AT517: =IF(AND($AS517 >= $BI$2, $C517 >= $BJ$2), ($C517 / $BK$2) * 100, "") | AU517: =U517 -> 44634 | AV517: =V517*W517 -> 9403375.1 | AW517: =IF(AND($AV517 >= $BM$2, $W517 >= $BN$2), ($W517 / $BO$2) * 100, "") | BD517: 45826 | BE517: 1.5966317e+08 | BG517: 46073 | BH517: 41064177
A518: 44630 | B518: 49.36 | C518: 744315 | D518: =(B518-B517)/B517 -> -0.055853099 | U518: 44635 | V518: 26.825 | W518: 524135 | X518: =(V518-V517)/V517 -> 0.028763183 | AR518: =A518 -> 44630 | AS518: =B518*C518 -> 36739388 | AT518: =IF(AND($AS518 >= $BI$2, $C518 >= $BJ$2), ($C518 / $BK$2) * 100, "") | AU518: =U518 -> 44635 | AV518: =V518*W518 -> 14059921 | AW518: =IF(AND($AV518 >= $BM$2, $W518 >= $BN$2), ($W518 / $BO$2) * 100, "") | BD518: 45828 | BE518: 1.5357213e+08
A519: 44631 | B519: 46.62 | C519: 750463 | D519: =(B519-B518)/B518 -> -0.055510535 | U519: 44636 | V519: 25.3 | W519: 513505 | X519: =(V519-V518)/V518 -> -0.056849953 | AR519: =A519 -> 44631 | AS519: =B519*C519 -> 34986585 | AT519: =IF(AND($AS519 >= $BI$2, $C519 >= $BJ$2), ($C519 / $BK$2) * 100, "") | AU519: =U519 -> 44636 | AV519: =V519*W519 -> 12991676 | AW519: =IF(AND($AV519 >= $BM$2, $W519 >= $BN$2), ($W519 / $BO$2) * 100, "") | BD519: 45831 | BE519: 1.5333357e+08
A520: 44634 | B520: 48.48 | C520: 790767 | D520: =(B520-B519)/B519 -> 0.03989704 | U520: 44637 | V520: 23.225 | W520: 696988 | X520: =(V520-V519)/V519 -> -0.08201581 | AR520: =A520 -> 44634 | AS520: =B520*C520 -> 38336384 | AT520: =IF(AND($AS520 >= $BI$2, $C520 >= $BJ$2), ($C520 / $BK$2) * 100, "") | AU520: =U520 -> 44637 | AV520: =V520*W520 -> 16187546 | AW520: =IF(AND($AV520 >= $BM$2, $W520 >= $BN$2), ($W520 / $BO$2) * 100, "") | BD520: 45832 | BE520: 1.0251936e+08
A521: 44635 | B521: 49.72 | C521: 919159 | D521: =(B521-B520)/B520 -> 0.025577558 | U521: 44638 | V521: 23.5375 | W521: 346000 | X521: =(V521-V520)/V520 -> 0.013455328 | AR521: =A521 -> 44635 | AS521: =B521*C521 -> 45700585 | AT521: =IF(AND($AS521 >= $BI$2, $C521 >= $BJ$2), ($C521 / $BK$2) * 100, "") | AU521: =U521 -> 44638 | AV521: =V521*W521 -> 8143975 | AW521: =IF(AND($AV521 >= $BM$2, $W521 >= $BN$2), ($W521 / $BO$2) * 100, "") | BD521: 45833 | BE521: 83917841
A522: 44636 | B522: 46.92 | C522: 1376905 | D522: =(B522-B521)/B521 -> -0.056315366 | U522: 44641 | V522: 22.95 | W522: 598134 | X522: =(V522-V521)/V521 -> -0.02496017 | AR522: =A522 -> 44636 | AS522: =B522*C522 -> 64604383 | AT522: =IF(AND($AS522 >= $BI$2, $C522 >= $BJ$2), ($C522 / $BK$2) * 100, "") | AU522: =U522 -> 44641 | AV522: =V522*W522 -> 13727175 | AW522: =IF(AND($AV522 >= $BM$2, $W522 >= $BN$2), ($W522 / $BO$2) * 100, "") | BD522: 45834 | BE522: 1.4167499e+08
A523: 44637 | B523: 43 | C523: 2467993 | D523: =(B523-B522)/B522 -> -0.083546462 | U523: 44642 | V523: 21.075 | W523: 884064 | X523: =(V523-V522)/V522 -> -0.081699346 | AR523: =A523 -> 44637 | AS523: =B523*C523 -> 106123699 | AT523: =IF(AND($AS523 >= $BI$2, $C523 >= $BJ$2), ($C523 / $BK$2) * 100, "") | AU523: =U523 -> 44642 | AV523: =V523*W523 -> 18631649 | AW523: =IF(AND($AV523 >= $BM$2, $W523 >= $BN$2), ($W523 / $BO$2) * 100, "") | BD523: 45835 | BE523: 1.3692362e+08
A524: 44638 | B524: 43.7 | C524: 903425 | D524: =(B524-B523)/B523 -> 0.01627907 | U524: 44643 | V524: 21.225 | W524: 647444 | X524: =(V524-V523)/V523 -> 0.0071174377 | AR524: =A524 -> 44638 | AS524: =B524*C524 -> 39479672 | AT524: =IF(AND($AS524 >= $BI$2, $C524 >= $BJ$2), ($C524 / $BK$2) * 100, "") | AU524: =U524 -> 44643 | AV524: =V524*W524 -> 13741999 | AW524: =IF(AND($AV524 >= $BM$2, $W524 >= $BN$2), ($W524 / $BO$2) * 100, "") | BD524: 45838 | BE524: 1.2644807e+08
A525: 44641 | B525: 42.62 | C525: 1187987 | D525: =(B525-B524)/B524 -> -0.024713959 | U525: 44644 | V525: 19.125 | W525: 1080746 | X525: =(V525-V524)/V524 -> -0.098939929 | AR525: =A525 -> 44641 | AS525: =B525*C525 -> 50632006 | AT525: =IF(AND($AS525 >= $BI$2, $C525 >= $BJ$2), ($C525 / $BK$2) * 100, "") | AU525: =U525 -> 44644 | AV525: =V525*W525 -> 20669267 | AW525: =IF(AND($AV525 >= $BM$2, $W525 >= $BN$2), ($W525 / $BO$2) * 100, "") | BD525: 45839 | BE525: 1.2680083e+08
A526: 44642 | B526: 39.12 | C526: 2236894 | D526: =(B526-B525)/B525 -> -0.08212107 | U526: 44645 | V526: 18.075 | W526: 746664 | X526: =(V526-V525)/V525 -> -0.054901961 | AR526: =A526 -> 44642 | AS526: =B526*C526 -> 87507293 | AT526: =IF(AND($AS526 >= $BI$2, $C526 >= $BJ$2), ($C526 / $BK$2) * 100, "") | AU526: =U526 -> 44645 | AV526: =V526*W526 -> 13495952 | AW526: =IF(AND($AV526 >= $BM$2, $W526 >= $BN$2), ($W526 / $BO$2) * 100, "") | BD526: 45840 | BE526: 78116951
A527: 44643 | B527: 39.36 | C527: 1818564 | D527: =(B527-B526)/B526 -> 0.0061349693 | U527: 44648 | V527: 18.55 | W527: 521313 | X527: =(V527-V526)/V526 -> 0.026279391 | AR527: =A527 -> 44643 | AS527: =B527*C527 -> 71578679 | AT527: =IF(AND($AS527 >= $BI$2, $C527 >= $BJ$2), ($C527 / $BK$2) * 100, "") | AU527: =U527 -> 44648 | AV527: =V527*W527 -> 9670356.2 | AW527: =IF(AND($AV527 >= $BM$2, $W527 >= $BN$2), ($W527 / $BO$2) * 100, "") | BD527: 45841 | BE527: 1.0696571e+08
...

Sheet 3NGL & 3NGS
A1: #VALUE! | F1: Average Volume | Q1: #VALUE! | V1: Average Volume | AR1: $ VALUE TRADED 3NGL | AU1: $ VALUE TRADED 3NGS | BC1: {=_xlfn._xlws.FILTER(BA4000:BB6000, BA4000:BA6000<>"")} -> FILTERED DATE 3NGL | BD1: FILTERED VALUE 3NGL | BF1: {=_xlfn._xlws.FILTER(BD4000:BE6000, BD4000:BD6000<>"")} -> FILTERED DATE 3NGS | BG1: FILTERED VALUE 3NGS
A2: {=_xlfn.STOCKHISTORY(A1,DATE(2020,2,25),TODAY(),0,1,0,1,5)} -> Date | B2: Close | C2: Volume | D2: % Change | F2: 10 Days | G2: 20 Days | H2: 1 month | I2: 3 months | J2: 6 months | K2: 12 months | Q2: {=_xlfn.STOCKHISTORY(Q1,DATE(2020,2,25),TODAY(),0,1,0,1,5)} -> Date | R2: Close | S2: Volume | T2: % Change | V2: 10 Days | W2: 20 Days | X2: 1 month | Y2: 3 months | Z2: 6 months | AA2: 12 months | AR2: Date | AS2: Value | AT2: % Vol Percentile | AU2: Date | AV2: Value | AW2: % Vol Percentile | BC2: 45917 | BD2: 270721.99 | BF2: 45917 | BG2: 143291.72 | BI2: {=_xlfn.PERCENTILE.INC(IFERROR(AS3:AS5000, ""), 0.9)} -> 731568 | BJ2: {=_xlfn.PERCENTILE.INC(IFERROR(C3:C5000, ""), 0.9)} -> 7423.6 | BK2: {=MAX(IFERROR(C3:C5000, 0))} -> 1464959 | BM2: {=_xlfn.PERCENTILE.INC(IFERROR(AV3:AV5000, ""), 0.9)} -> 616439.75 | BN2: {=_xlfn.PERCENTILE.INC(_xlfn._xlws.FILTER(S3:S5000, (ROW(S3:S5000)<>731) * (ROW(S3:S5000)<>729) * ISNUMBER(S3:S5000)), 0.9)} -> 55487.1 | BO2: {=MAX(_xlfn._xlws.FILTER(S3:S5000, (ROW(S3:S5000)<>731) * (ROW(S3:S5000)<>729) * ISNUMBER(S3:S5000)))} -> 506916
A3: 43886 | B3: 243720.12 | C3: 4 | D3: - | F3: =AVERAGE(_xlfn.TOCOL(_xlfn.TAKE(INDEX(_xlfn.ANCHORARRAY(A2), , 3), -10), 3)) -> 536277.9 | G3: =AVERAGE(_xlfn.TOCOL(_xlfn.TAKE(INDEX(_xlfn.ANCHORARRAY(A2), , 3), -20), 3)) -> 374621.05 | H3: =AVERAGE(_xlfn.TOCOL(_xlfn.TAKE(INDEX(_xlfn.ANCHORARRAY(A2), , 3), -30), 3)) -> 348957.03 | I3: =AVERAGE(_xlfn.TOCOL(_xlfn.TAKE(INDEX(_xlfn.ANCHORARRAY(A2), , 3), -90), 3)) -> 288221.66 | J3: =AVERAGE(_xlfn.TOCOL(_xlfn.TAKE(INDEX(_xlfn.ANCHORARRAY(A2), , 3), -180), 3)) -> 199146.93 | K3: =AVERAGE(_xlfn.TOCOL(_xlfn.TAKE(INDEX(_xlfn.ANCHORARRAY(A2), , 3), -365), 3)) -> 117639.96 | Q3: 43886 | R3: 19578.825 | S3: 24 | T3: - | V3: =AVERAGE(_xlfn.TOCOL(_xlfn.TAKE(INDEX(_xlfn.ANCHORARRAY(Q2), , 3), -10), 3)) -> 50794.1 | W3: =AVERAGE(_xlfn.TOCOL(_xlfn.TAKE(INDEX(_xlfn.ANCHORARRAY(Q2), , 3), -20), 3)) -> 52200 | X3: =AVERAGE(_xlfn.TOCOL(_xlfn.TAKE(INDEX(_xlfn.ANCHORARRAY(Q2), , 3), -30), 3)) -> 59133.267 | Y3: =AVERAGE(_xlfn.TOCOL(_xlfn.TAKE(INDEX(_xlfn.ANCHORARRAY(Q2), , 3), -90), 3)) -> 71778.422 | Z3: =AVERAGE(_xlfn.TOCOL(_xlfn.TAKE(INDEX(_xlfn.ANCHORARRAY(Q2), , 3), -180), 3)) -> 51075.475 | AA3: =AVERAGE(_xlfn.TOCOL(_xlfn.TAKE(INDEX(_xlfn.ANCHORARRAY(Q2), , 3), -365), 3)) -> 38285.524 | AR3: =A3 -> 43886 | AS3: =B3*C3 -> 974880.48 | AT3: =IF(AND(IFERROR($AS3, 0) >= $BI$2, IFERROR($C3, 0) >= $BJ$2), IFERROR(($C3 / $BK$2) * 100, ""), "") | AU3: =Q3 -> 43886 | AV3: =R3*S3 -> 469891.8 | AW3: =IF(OR(ROW()=731, ROW()=729), "", IF(AND(IFERROR($AV3, 0) >= $BM$2, IFERROR($S3, 0) >= $BN$2), ROUND(IFERROR(($S3 / $BO$2) * 100, ""), 2), "")) | BC3: 45918 | BD3: 479559.3 | BF3: 45918 | BG3: 403197.5
A4: 43887 | B4: 249041.52 | C4: 4 | D4: =(B4-B3)/B3 -> 0.021834061 | Q4: 43887 | R4: 19196.348 | S4: 2 | T4: =(R4-R3)/R3 -> -0.019535237 | AR4: =A4 -> 43887 | AS4: =B4*C4 -> 996166.08 | AT4: =IF(AND(IFERROR($AS4, 0) >= $BI$2, IFERROR($C4, 0) >= $BJ$2), IFERROR(($C4 / $BK$2) * 100, ""), "") | AU4: =Q4 -> 43887 | AV4: =R4*S4 -> 38392.696 | AW4: =IF(OR(ROW()=731, ROW()=729), "", IF(AND(IFERROR($AV4, 0) >= $BM$2, IFERROR($S4, 0) >= $BN$2), ROUND(IFERROR(($S4 / $BO$2) * 100, ""), 2), "")) | BC4: 45919 | BD4: 501543.14 | BF4: 45919 | BG4: 584965.06
A5: 43888 | B5: 199020.36 | C5: 11 | D5: =(B5-B4)/B4 -> -0.2008547 | Q5: 43888 | R5: 23411.095 | S5: 6 | T5: =(R5-R4)/R4 -> 0.21955983 | AR5: =A5 -> 43888 | AS5: =B5*C5 -> 2189224 | AT5: =IF(AND(IFERROR($AS5, 0) >= $BI$2, IFERROR($C5, 0) >= $BJ$2), IFERROR(($C5 / $BK$2) * 100, ""), "") | AU5: =Q5 -> 43888 | AV5: =R5*S5 -> 140466.57 | AW5: =IF(OR(ROW()=731, ROW()=729), "", IF(AND(IFERROR($AV5, 0) >= $BM$2, IFERROR($S5, 0) >= $BN$2), ROUND(IFERROR(($S5 / $BO$2) * 100, ""), 2), "")) | BC5: 45922 | BD5: 393788.09 | BF5: 45922 | BG5: 465049.75
A6: 43889 | B6: 181991.88 | C6: 10 | D6: =(B6-B5)/B5 -> -0.085561497 | Q6: 43889 | R6: 25453.473 | S6: 87 | T6: =(R6-R5)/R5 -> 0.087239725 | AR6: =A6 -> 43889 | AS6: =B6*C6 -> 1819918.8 | AT6: =IF(AND(IFERROR($AS6, 0) >= $BI$2, IFERROR($C6, 0) >= $BJ$2), IFERROR(($C6 / $BK$2) * 100, ""), "") | AU6: =Q6 -> 43889 | AV6: =R6*S6 -> 2214452.1 | AW6: =IF(OR(ROW()=731, ROW()=729), "", IF(AND(IFERROR($AV6, 0) >= $BM$2, IFERROR($S6, 0) >= $BN$2), ROUND(IFERROR(($S6 / $BO$2) * 100, ""), 2), "")) | BC6: 45923 | BD6: 376491.73 | BF6: 45923 | BG6: 627249
A7: 43892 | B7: 201148.92 | C7: 6 | D7: =(B7-B6)/B6 -> 0.10526316 | N7: Period | O7: Date Range | Q7: 43892 | R7: 22728.636 | S7: 98 | T7: =(R7-R6)/R6 -> -0.10705166 | AD7: Period | AE7: Date Range | AR7: =A7 -> 43892 | AS7: =B7*C7 -> 1206893.5 | AT7: =IF(AND(IFERROR($AS7, 0) >= $BI$2, IFERROR($C7, 0) >= $BJ$2), IFERROR(($C7 / $BK$2) * 100, ""), "") | AU7: =Q7 -> 43892 | AV7: =R7*S7 -> 2227406.3 | AW7: =IF(OR(ROW()=731, ROW()=729), "", IF(AND(IFERROR($AV7, 0) >= $BM$2, IFERROR($S7, 0) >= $BN$2), ROUND(IFERROR(($S7 / $BO$2) * 100, ""), 2), "")) | BC7: 45924 | BD7: 186971.12 | BF7: 45924 | BG7: 474460.47
A8: 43893 | B8: 220305.96 | C8: 17 | D8: =(B8-B7)/B7 -> 0.095238095 | N8: 10 days | O8: =TODAY()-10 -> 46088 | Q8: 43893 | R8: 20438.774 | S8: 30 | T8: =(R8-R7)/R7 -> -0.10074791 | AD8: 10 days | AE8: =TODAY()-10 -> 46088 | AR8: =A8 -> 43893 | AS8: =B8*C8 -> 3745201.3 | AT8: =IF(AND(IFERROR($AS8, 0) >= $BI$2, IFERROR($C8, 0) >= $BJ$2), IFERROR(($C8 / $BK$2) * 100, ""), "") | AU8: =Q8 -> 43893 | AV8: =R8*S8 -> 613163.21 | AW8: =IF(OR(ROW()=731, ROW()=729), "", IF(AND(IFERROR($AV8, 0) >= $BM$2, IFERROR($S8, 0) >= $BN$2), ROUND(IFERROR(($S8 / $BO$2) * 100, ""), 2), "")) | BC8: 45925 | BD8: 690991.63 | BF8: 45925 | BG8: 586040.12
A9: 43894 | B9: 221370.24 | C9: #N/A | D9: =(B9-B8)/B8 -> 0.0048309179 | N9: 20 days | O9: =TODAY()-20 -> 46078 | Q9: 43894 | R9: 20358.778 | S9: 39 | T9: =(R9-R8)/R8 -> -0.0039138943 | AD9: 20 days | AE9: =TODAY()-20 -> 46078 | AR9: =A9 -> 43894 | AS9: =B9*C9 -> #N/A | AT9: =IF(AND(IFERROR($AS9, 0) >= $BI$2, IFERROR($C9, 0) >= $BJ$2), IFERROR(($C9 / $BK$2) * 100, ""), "") | AU9: =Q9 -> 43894 | AV9: =R9*S9 -> 793992.36 | AW9: =IF(OR(ROW()=731, ROW()=729), "", IF(AND(IFERROR($AV9, 0) >= $BM$2, IFERROR($S9, 0) >= $BN$2), ROUND(IFERROR(($S9 / $BO$2) * 100, ""), 2), "")) | BC9: 45926 | BD9: 470636.23 | BF9: 45926 | BG9: 549528.32
A10: 43895 | B10: 216048.84 | C10: 2 | D10: =(B10-B9)/B9 -> -0.024038462 | N10: 1 month | O10: =TODAY()-30 -> 46068 | Q10: 43895 | R10: 20898.746 | S10: 7 | T10: =(R10-R9)/R9 -> 0.026522593 | AD10: 1 month | AE10: =TODAY()-30 -> 46068 | AR10: =A10 -> 43895 | AS10: =B10*C10 -> 432097.68 | AT10: =IF(AND(IFERROR($AS10, 0) >= $BI$2, IFERROR($C10, 0) >= $BJ$2), IFERROR(($C10 / $BK$2) * 100, ""), "") | AU10: =Q10 -> 43895 | AV10: =R10*S10 -> 146291.22 | AW10: =IF(OR(ROW()=731, ROW()=729), "", IF(AND(IFERROR($AV10, 0) >= $BM$2, IFERROR($S10, 0) >= $BN$2), ROUND(IFERROR(($S10 / $BO$2) * 100, ""), 2), "")) | BC10: 45929 | BD10: 613134.52 | BF10: 45929 | BG10: 488160.45
A11: 43896 | B11: 189441.84 | C11: 1 | D11: =(B11-B10)/B10 -> -0.12315271 | N11: 2 months | O11: =TODAY()-60 -> 46038 | Q11: 43896 | R11: 23558.586 | S11: 3 | T11: =(R11-R10)/R10 -> 0.12727273 | AD11: 2 months | AE11: =TODAY()-60 -> 46038 | AR11: =A11 -> 43896 | AS11: =B11*C11 -> 189441.84 | AT11: =IF(AND(IFERROR($AS11, 0) >= $BI$2, IFERROR($C11, 0) >= $BJ$2), IFERROR(($C11 / $BK$2) * 100, ""), "") | AU11: =Q11 -> 43896 | AV11: =R11*S11 -> 70675.759 | AW11: =IF(OR(ROW()=731, ROW()=729), "", IF(AND(IFERROR($AV11, 0) >= $BM$2, IFERROR($S11, 0) >= $BN$2), ROUND(IFERROR(($S11 / $BO$2) * 100, ""), 2), "")) | BC11: 45930 | BD11: 731823.8 | BF11: 45930 | BG11: 606765.8
A12: 43899 | B12: 186249 | C12: 4 | D12: =(B12-B11)/B11 -> -0.016853933 | N12: 3 months | O12: =TODAY()-90 -> 46008 | Q12: 43899 | R12: 23811.071 | S12: 17 | T12: =(R12-R11)/R11 -> 0.010717315 | AD12: 3 months | AE12: =TODAY()-90 -> 46008 | AR12: =A12 -> 43899 | AS12: =B12*C12 -> 744996 | AT12: =IF(AND(IFERROR($AS12, 0) >= $BI$2, IFERROR($C12, 0) >= $BJ$2), IFERROR(($C12 / $BK$2) * 100, ""), "") | AU12: =Q12 -> 43899 | AV12: =R12*S12 -> 404788.21 | AW12: =IF(OR(ROW()=731, ROW()=729), "", IF(AND(IFERROR($AV12, 0) >= $BM$2, IFERROR($S12, 0) >= $BN$2), ROUND(IFERROR(($S12 / $BO$2) * 100, ""), 2), "")) | BC12: 45931 | BD12: 631131.76 | BF12: 45931 | BG12: 341188.47
A13: 43900 | B13: 251170.08 | C13: 6 | D13: =(B13-B12)/B12 -> 0.34857143 | N13: 6 months | O13: =TODAY()-180 -> 45918 | Q13: 43900 | R13: 16636.502 | S13: 14 | T13: =(R13-R12)/R12 -> -0.30131233 | AD13: 6 months | AE13: =TODAY()-180 -> 45918 | AR13: =A13 -> 43900 | AS13: =B13*C13 -> 1507020.5 | AT13: =IF(AND(IFERROR($AS13, 0) >= $BI$2, IFERROR($C13, 0) >= $BJ$2), IFERROR(($C13 / $BK$2) * 100, ""), "") | AU13: =Q13 -> 43900 | AV13: =R13*S13 -> 232911.03 | AW13: =IF(OR(ROW()=731, ROW()=729), "", IF(AND(IFERROR($AV13, 0) >= $BM$2, IFERROR($S13, 0) >= $BN$2), ROUND(IFERROR(($S13 / $BO$2) * 100, ""), 2), "")) | BC13: 45932 | BD13: 1166137.1 | BF13: 45932 | BG13: 1360458.6
A14: 43901 | B14: 275648.52 | C14: 10 | D14: =(B14-B13)/B13 -> 0.097457627 | N14: 12 months | O14: =TODAY()-365 -> 45733 | Q14: 43901 | R14: 14589.125 | S14: 68 | T14: =(R14-R13)/R13 -> -0.12306537 | AD14: 12 months | AE14: =TODAY()-365 -> 45733 | AR14: =A14 -> 43901 | AS14: =B14*C14 -> 2756485.2 | AT14: =IF(AND(IFERROR($AS14, 0) >= $BI$2, IFERROR($C14, 0) >= $BJ$2), IFERROR(($C14 / $BK$2) * 100, ""), "") | AU14: =Q14 -> 43901 | AV14: =R14*S14 -> 992060.47 | AW14: =IF(OR(ROW()=731, ROW()=729), "", IF(AND(IFERROR($AV14, 0) >= $BM$2, IFERROR($S14, 0) >= $BN$2), ROUND(IFERROR(($S14 / $BO$2) * 100, ""), 2), "")) | BC14: 45933 | BD14: 683041.6 | BF14: 45933 | BG14: 1010792.4
A15: 43902 | B15: 224563.08 | C15: 1 | D15: =(B15-B14)/B14 -> -0.18532819 | N15: 24 Months | O15: =TODAY()-730 -> 45368 | Q15: 43902 | R15: 17751.435 | S15: 6 | T15: =(R15-R14)/R14 -> 0.21675806 | AD15: 24 Months | AE15: =TODAY()-730 -> 45368 | AR15: =A15 -> 43902 | AS15: =B15*C15 -> 224563.08 | AT15: =IF(AND(IFERROR($AS15, 0) >= $BI$2, IFERROR($C15, 0) >= $BJ$2), IFERROR(($C15 / $BK$2) * 100, ""), "") | AU15: =Q15 -> 43902 | AV15: =R15*S15 -> 106508.61 | AW15: =IF(OR(ROW()=731, ROW()=729), "", IF(AND(IFERROR($AV15, 0) >= $BM$2, IFERROR($S15, 0) >= $BN$2), ROUND(IFERROR(($S15 / $BO$2) * 100, ""), 2), "")) | BC15: 45936 | BD15: 742121.6 | BF15: 45936 | BG15: 687549
A16: 43903 | B16: 235205.88 | C16: 3 | D16: =(B16-B15)/B15 -> 0.047393365 | Q16: 43903 | R16: 16966.482 | S16: 11 | T16: =(R16-R15)/R15 -> -0.044219124 | AR16: =A16 -> 43903 | AS16: =B16*C16 -> 705617.64 | AT16: =IF(AND(IFERROR($AS16, 0) >= $BI$2, IFERROR($C16, 0) >= $BJ$2), IFERROR(($C16 / $BK$2) * 100, ""), "") | AU16: =Q16 -> 43903 | AV16: =R16*S16 -> 186631.3 | AW16: =IF(OR(ROW()=731, ROW()=729), "", IF(AND(IFERROR($AV16, 0) >= $BM$2, IFERROR($S16, 0) >= $BN$2), ROUND(IFERROR(($S16 / $BO$2) * 100, ""), 2), "")) | BC16: 45937 | BD16: 931445.74 | BF16: 45937 | BG16: 901492.9
A17: 43906 | B17: 216048.84 | C17: 3 | D17: =(B17-B16)/B16 -> -0.081447964 | Q17: 43906 | R17: 18261.404 | S17: 5 | T17: =(R17-R16)/R16 -> 0.076322381 | AR17: =A17 -> 43906 | AS17: =B17*C17 -> 648146.52 | AT17: =IF(AND(IFERROR($AS17, 0) >= $BI$2, IFERROR($C17, 0) >= $BJ$2), IFERROR(($C17 / $BK$2) * 100, ""), "") | AU17: =Q17 -> 43906 | AV17: =R17*S17 -> 91307.021 | AW17: =IF(OR(ROW()=731, ROW()=729), "", IF(AND(IFERROR($AV17, 0) >= $BM$2, IFERROR($S17, 0) >= $BN$2), ROUND(IFERROR(($S17 / $BO$2) * 100, ""), 2), "")) | BC17: 45938 | BD17: 644233.25 | BF17: 45938 | BG17: 567198.87
A18: 43907 | B18: 204341.76 | C18: 1 | D18: =(B18-B17)/B17 -> -0.054187192 | Q18: 43907 | R18: 19201.348 | S18: 15 | T18: =(R18-R17)/R17 -> 0.051471589 | AR18: =A18 -> 43907 | AS18: =B18*C18 -> 204341.76 | AT18: =IF(AND(IFERROR($AS18, 0) >= $BI$2, IFERROR($C18, 0) >= $BJ$2), IFERROR(($C18 / $BK$2) * 100, ""), "") | AU18: =Q18 -> 43907 | AV18: =R18*S18 -> 288020.22 | AW18: =IF(OR(ROW()=731, ROW()=729), "", IF(AND(IFERROR($AV18, 0) >= $BM$2, IFERROR($S18, 0) >= $BN$2), ROUND(IFERROR(($S18 / $BO$2) * 100, ""), 2), "")) | BC18: 45939 | BD18: 589020.79 | BF18: 45939 | BG18: 461927.94
A19: 43908 | B19: 147934.92 | C19: 16 | D19: =(B19-B18)/B18 -> -0.27604167 | Q19: 43908 | R19: 25208.487 | S19: 70 | T19: =(R19-R18)/R18 -> 0.31284989 | AR19: =A19 -> 43908 | AS19: =B19*C19 -> 2366958.7 | AT19: =IF(AND(IFERROR($AS19, 0) >= $BI$2, IFERROR($C19, 0) >= $BJ$2), IFERROR(($C19 / $BK$2) * 100, ""), "") | AU19: =Q19 -> 43908 | AV19: =R19*S19 -> 1764594.1 | AW19: =IF(OR(ROW()=731, ROW()=729), "", IF(AND(IFERROR($AV19, 0) >= $BM$2, IFERROR($S19, 0) >= $BN$2), ROUND(IFERROR(($S19 / $BO$2) * 100, ""), 2), "")) | BC19: 45940 | BD19: 580548.22 | BF19: 45940 | BG19: 420149.28
A20: 43909 | B20: 161770.56 | C20: 26 | D20: =(B20-B19)/B19 -> 0.09352518 | Q20: 43909 | R20: 22973.622 | S20: 38 | T20: =(R20-R19)/R19 -> -0.088655296 | AR20: =A20 -> 43909 | AS20: =B20*C20 -> 4206034.6 | AT20: =IF(AND(IFERROR($AS20, 0) >= $BI$2, IFERROR($C20, 0) >= $BJ$2), IFERROR(($C20 / $BK$2) * 100, ""), "") | AU20: =Q20 -> 43909 | AV20: =R20*S20 -> 872997.62 | AW20: =IF(OR(ROW()=731, ROW()=729), "", IF(AND(IFERROR($AV20, 0) >= $BM$2, IFERROR($S20, 0) >= $BN$2), ROUND(IFERROR(($S20 / $BO$2) * 100, ""), 2), "")) | BC20: 45943 | BD20: 267429.32 | BF20: 45943 | BG20: 261191.25
A21: 43910 | B21: 158577.72 | C21: 4 | D21: =(B21-B20)/B20 -> -0.019736842 | Q21: 43910 | R21: 22863.628 | S21: 53 | T21: =(R21-R20)/R20 -> -0.0047878128 | AR21: =A21 -> 43910 | AS21: =B21*C21 -> 634310.88 | AT21: =IF(AND(IFERROR($AS21, 0) >= $BI$2, IFERROR($C21, 0) >= $BJ$2), IFERROR(($C21 / $BK$2) * 100, ""), "") | AU21: =Q21 -> 43910 | AV21: =R21*S21 -> 1211772.3 | AW21: =IF(OR(ROW()=731, ROW()=729), "", IF(AND(IFERROR($AV21, 0) >= $BM$2, IFERROR($S21, 0) >= $BN$2), ROUND(IFERROR(($S21 / $BO$2) * 100, ""), 2), "")) | BC21: 45944 | BD21: 406126.11 | BF21: 45944 | BG21: 318805.12
A22: 43913 | B22: 147934.92 | C22: 7 | D22: =(B22-B21)/B21 -> -0.067114094 | Q22: 43913 | R22: 24258.544 | S22: 5 | T22: =(R22-R21)/R21 -> 0.061010278 | AR22: =A22 -> 43913 | AS22: =B22*C22 -> 1035544.4 | AT22: =IF(AND(IFERROR($AS22, 0) >= $BI$2, IFERROR($C22, 0) >= $BJ$2), IFERROR(($C22 / $BK$2) * 100, ""), "") | AU22: =Q22 -> 43913 | AV22: =R22*S22 -> 121292.72 | AW22: =IF(OR(ROW()=731, ROW()=729), "", IF(AND(IFERROR($AV22, 0) >= $BM$2, IFERROR($S22, 0) >= $BN$2), ROUND(IFERROR(($S22 / $BO$2) * 100, ""), 2), "")) | BC22: 45945 | BD22: 530680.61 | BF22: 45945 | BG22: 629890.28
A23: 43914 | B23: 164963.4 | C23: 6 | D23: =(B23-B22)/B22 -> 0.11510791 | F23: Last Price | G23: Volume | H23: Change | I23: 52 Week High | J23: 52 Week Low | Q23: 43914 | R23: 21773.694 | S23: 9 | T23: =(R23-R22)/R22 -> -0.10243199 | V23: Last Price | W23: Volume | X23: Change | Y23: 52 Week High | Z23: 52 Week Low | AR23: =A23 -> 43914 | AS23: =B23*C23 -> 989780.4 | AT23: =IF(AND(IFERROR($AS23, 0) >= $BI$2, IFERROR($C23, 0) >= $BJ$2), IFERROR(($C23 / $BK$2) * 100, ""), "") | AU23: =Q23 -> 43914 | AV23: =R23*S23 -> 195963.24 | AW23: =IF(OR(ROW()=731, ROW()=729), "", IF(AND(IFERROR($AV23, 0) >= $BM$2, IFERROR($S23, 0) >= $BN$2), ROUND(IFERROR(($S23 / $BO$2) * 100, ""), 2), "")) | BC23: 45946 | BD23: 896638.96 | BF23: 45946 | BG23: 575216.95
A24: 43915 | B24: 169220.52 | C24: 6 | D24: =(B24-B23)/B23 -> 0.025806452 | F24: {=_FV(A1,"Price")} -> 1.6918 | G24: {=_FV(A1,"Volume")} -> 92898 | H24: {=_FV(A1,"Change (%)",TRUE)} -> 0.016096 | I24: - | J24: {=_FV(A1,"52 week low",TRUE)} -> 1.41 | Q24: 43915 | R24: 21008.739 | S24: 21 | T24: =(R24-R23)/R23 -> -0.035132032 | V24: {=_FV(Q1,"Price")} -> 11.62 | W24: {=_FV(Q1,"Volume")} -> 21271 | X24: {=_FV(Q1,"Change (%)",TRUE)} -> -0.017336 | Y24: {=_FV(Q1,"52 week high",TRUE)} -> 135.2801 | Z24: - | AR24: =A24 -> 43915 | AS24: =B24*C24 -> 1015323.1 | AT24: =IF(AND(IFERROR($AS24, 0) >= $BI$2, IFERROR($C24, 0) >= $BJ$2), IFERROR(($C24 / $BK$2) * 100, ""), "") | AU24: =Q24 -> 43915 | AV24: =R24*S24 -> 441183.53 | AW24: =IF(OR(ROW()=731, ROW()=729), "", IF(AND(IFERROR($AV24, 0) >= $BM$2, IFERROR($S24, 0) >= $BN$2), ROUND(IFERROR(($S24 / $BO$2) * 100, ""), 2), "")) | BC24: 45947 | BD24: 482102.67 | BF24: 45947 | BG24: 626887.44
A25: 43916 | B25: 160706.28 | C25: 7 | D25: =(B25-B24)/B24 -> -0.050314465 | Q25: 43916 | R25: 22118.673 | S25: 16 | T25: =(R25-R24)/R24 -> 0.052831985 | AR25: =A25 -> 43916 | AS25: =B25*C25 -> 1124944 | AT25: =IF(AND(IFERROR($AS25, 0) >= $BI$2, IFERROR($C25, 0) >= $BJ$2), IFERROR(($C25 / $BK$2) * 100, ""), "") | AU25: =Q25 -> 43916 | AV25: =R25*S25 -> 353898.76 | AW25: =IF(OR(ROW()=731, ROW()=729), "", IF(AND(IFERROR($AV25, 0) >= $BM$2, IFERROR($S25, 0) >= $BN$2), ROUND(IFERROR(($S25 / $BO$2) * 100, ""), 2), "")) | BC25: 45950 | BD25: 681524.68 | BF25: 45950 | BG25: 1255393.4
A26: 43917 | B26: 154320.6 | C26: 2 | D26: =(B26-B25)/B25 -> -0.039735099 | G26: Maximum Volume Period | Q26: 43917 | R26: 23068.616 | S26: 2 | T26: =(R26-R25)/R25 -> 0.042947559 | W26: Maximum Volume Period | AR26: =A26 -> 43917 | AS26: =B26*C26 -> 308641.2 | AT26: =IF(AND(IFERROR($AS26, 0) >= $BI$2, IFERROR($C26, 0) >= $BJ$2), IFERROR(($C26 / $BK$2) * 100, ""), "") | AU26: =Q26 -> 43917 | AV26: =R26*S26 -> 46137.232 | AW26: =IF(OR(ROW()=731, ROW()=729), "", IF(AND(IFERROR($AV26, 0) >= $BM$2, IFERROR($S26, 0) >= $BN$2), ROUND(IFERROR(($S26 / $BO$2) * 100, ""), 2), "")) | BC26: 45951 | BD26: 1039985.5 | BF26: 45951 | BG26: 747244.05
A27: 43920 | B27: 150063.48 | C27: 2 | D27: =(B27-B26)/B26 -> -0.027586207 | G27: 10 days | H27: 20 days | I27: 1 months | J27: 2 months | K27: 3 months | L27: 6 months | M27: 12 months | N27: 24 Months | Q27: 43920 | R27: 23763.574 | S27: 11 | T27: =(R27-R26)/R26 -> 0.030125704 | W27: 10 days | X27: 20 days | Y27: 1 months | Z27: 2 months | AA27: 3 months | AB27: 6 months | AC27: 12 months | AD27: 24 Months | AR27: =A27 -> 43920 | AS27: =B27*C27 -> 300126.96 | AT27: =IF(AND(IFERROR($AS27, 0) >= $BI$2, IFERROR($C27, 0) >= $BJ$2), IFERROR(($C27 / $BK$2) * 100, ""), "") | AU27: =Q27 -> 43920 | AV27: =R27*S27 -> 261399.32 | AW27: =IF(OR(ROW()=731, ROW()=729), "", IF(AND(IFERROR($AV27, 0) >= $BM$2, IFERROR($S27, 0) >= $BN$2), ROUND(IFERROR(($S27 / $BO$2) * 100, ""), 2), "")) | BC27: 45952 | BD27: 937902.59 | BF27: 45952 | BG27: 454904.28
A28: 43921 | B28: 148999.2 | C28: 2 | D28: =(B28-B27)/B27 -> -0.0070921986 | F28: Date | G28: {=_xlfn.LET( _xlpm.Lookups, O8:O15, _xlpm.Data, _xlfn.DROP(_xlfn.ANCHORARRAY(A2), 1), TRANSPOSE(_xlfn.MAP(_xlpm.Lookups, _xlfn.LAMBDA(_xlpm.StartDate, IFERROR(_xlfn.TAKE(_xlfn._xlws.SORT(_xlfn._xlws.FILTER(_xlpm.Data, (INDEX(_xlpm.Data,,1) >= _xlpm.StartDate) * ISNUMBER(INDEX(_xlpm.Data,,3))), 3, -1), 1, 1), "") ))) )} -> 46090 | H28: 46090 | I28: 46090 | J28: 46090 | K28: 46031 | L28: 46031 | M28: 46031 | N28: 46031 | Q28: 43921 | R28: 23773.573 | S28: #N/A | T28: =(R28-R27)/R27 -> 0.00042078687 | V28: Date | W28: {=_xlfn.LET( _xlpm.Lookups, AE8:AE15, _xlpm.Data, _xlfn.DROP(_xlfn.ANCHORARRAY(Q2), 1), TRANSPOSE(_xlfn.MAP(_xlpm.Lookups, _xlfn.LAMBDA(_xlpm.StartDate, IFERROR(_xlfn.TAKE(_xlfn._xlws.SORT(_xlfn._xlws.FILTER(_xlpm.Data, (INDEX(_xlpm.Data,,1) >= _xlpm.StartDate) * ISNUMBER(INDEX(_xlpm.Data,,3))), 3, -1), 1, 1), "") ))) )} -> 46090 | X28: 46090 | Y28: 46072 | Z28: 46044 | AA28: 46044 | AB28: 46044 | AC28: 46044 | AD28: 46044 | AR28: =A28 -> 43921 | AS28: =B28*C28 -> 297998.4 | AT28: =IF(AND(IFERROR($AS28, 0) >= $BI$2, IFERROR($C28, 0) >= $BJ$2), IFERROR(($C28 / $BK$2) * 100, ""), "") | AU28: =Q28 -> 43921 | AV28: =R28*S28 -> #N/A | AW28: =IF(OR(ROW()=731, ROW()=729), "", IF(AND(IFERROR($AV28, 0) >= $BM$2, IFERROR($S28, 0) >= $BN$2), ROUND(IFERROR(($S28 / $BO$2) * 100, ""), 2), "")) | BC28: 45953 | BD28: 778813.55 | BF28: 45953 | BG28: 928470.6
A29: 43922 | B29: 130906.44 | C29: 1 | D29: =(B29-B28)/B28 -> -0.12142857 | F29: Volume recorded | G29: {=_xlfn.LET( _xlpm.Lookups, O8:O15, _xlpm.Data, _xlfn.DROP(_xlfn.ANCHORARRAY(A2), 1), TRANSPOSE(_xlfn.MAP(_xlpm.Lookups, _xlfn.LAMBDA(_xlpm.StartDate, MAX(_xlfn._xlws.FILTER(INDEX(_xlpm.Data,,3), (INDEX(_xlpm.Data,,1) >= _xlpm.StartDate) * ISNUMBER(INDEX(_xlpm.Data,,3)), 0)) ))) )} -> 1148226 | H29: 1148226 | I29: 1148226 | J29: 1148226 | K29: 1464959 | L29: 1464959 | M29: 1464959 | N29: 1464959 | Q29: 43922 | R29: 26603.404 | S29: 36 | T29: =(R29-R28)/R28 -> 0.1190326 | V29: Volume recorded | W29: {=_xlfn.LET( _xlpm.Lookups, AE8:AE15, _xlpm.Data, _xlfn.DROP(_xlfn.ANCHORARRAY(Q2), 1), TRANSPOSE(_xlfn.MAP(_xlpm.Lookups, _xlfn.LAMBDA(_xlpm.StartDate, MAX(_xlfn._xlws.FILTER(INDEX(_xlpm.Data,,3), (INDEX(_xlpm.Data,,1) >= _xlpm.StartDate) * ISNUMBER(INDEX(_xlpm.Data,,3)), 0)) ))) )} -> 115929 | X29: 115929 | Y29: 161697 | Z29: 506916 | AA29: 506916 | AB29: 506916 | AC29: 506916 | AD29: 506916 | AR29: =A29 -> 43922 | AS29: =B29*C29 -> 130906.44 | AT29: =IF(AND(IFERROR($AS29, 0) >= $BI$2, IFERROR($C29, 0) >= $BJ$2), IFERROR(($C29 / $BK$2) * 100, ""), "") | AU29: =Q29 -> 43922 | AV29: =R29*S29 -> 957722.53 | AW29: =IF(OR(ROW()=731, ROW()=729), "", IF(AND(IFERROR($AV29, 0) >= $BM$2, IFERROR($S29, 0) >= $BN$2), ROUND(IFERROR(($S29 / $BO$2) * 100, ""), 2), "")) | BC29: 45954 | BD29: 729064.8 | BF29: 45954 | BG29: 558210.8
A30: 43923 | B30: 117070.8 | C30: 12 | D30: =(B30-B29)/B29 -> -0.10569106 | F30: Price recorded | G30: {=_xlfn.XLOOKUP(_xlfn.ANCHORARRAY(G28), INDEX(_xlfn.ANCHORARRAY(A2), , 1), INDEX(_xlfn.ANCHORARRAY(A2), , 2), "", 0, 2)} -> 1.8728 | H30: 1.8728 | I30: 1.8728 | J30: 1.8728 | K30: 2.1335 | L30: 2.1335 | M30: 2.1335 | N30: 2.1335 | Q30: 43923 | R30: 29248.245 | S30: 36 | T30: =(R30-R29)/R29 -> 0.099417403 | V30: Price recorded | W30: {=_xlfn.XLOOKUP(_xlfn.ANCHORARRAY(W28), INDEX(_xlfn.ANCHORARRAY(Q2), , 1), INDEX(_xlfn.ANCHORARRAY(Q2), , 2), "", 0, 2)} -> 11.07 | X30: 11.07 | Y30: 13.71 | Z30: 10.97 | AA30: 10.97 | AB30: 10.97 | AC30: 10.97 | AD30: 10.97 | AR30: =A30 -> 43923 | AS30: =B30*C30 -> 1404849.6 | AT30: =IF(AND(IFERROR($AS30, 0) >= $BI$2, IFERROR($C30, 0) >= $BJ$2), IFERROR(($C30 / $BK$2) * 100, ""), "") | AU30: =Q30 -> 43923 | AV30: =R30*S30 -> 1052936.8 | AW30: =IF(OR(ROW()=731, ROW()=729), "", IF(AND(IFERROR($AV30, 0) >= $BM$2, IFERROR($S30, 0) >= $BN$2), ROUND(IFERROR(($S30 / $BO$2) * 100, ""), 2), "")) | BC30: 45957 | BD30: 1374014.7 | BF30: 45957 | BG30: 1085984.2
A31: 43924 | B31: 125585.04 | C31: 22 | D31: =(B31-B30)/B30 -> 0.072727273 | Q31: 43924 | R31: 27158.37 | S31: 28 | T31: =(R31-R30)/R30 -> -0.071452991 | AR31: =A31 -> 43924 | AS31: =B31*C31 -> 2762870.9 | AT31: =IF(AND(IFERROR($AS31, 0) >= $BI$2, IFERROR($C31, 0) >= $BJ$2), IFERROR(($C31 / $BK$2) * 100, ""), "") | AU31: =Q31 -> 43924 | AV31: =R31*S31 -> 760434.37 | AW31: =IF(OR(ROW()=731, ROW()=729), "", IF(AND(IFERROR($AV31, 0) >= $BM$2, IFERROR($S31, 0) >= $BN$2), ROUND(IFERROR(($S31 / $BO$2) * 100, ""), 2), "")) | BC31: 45958 | BD31: 1143630.3 | BF31: 45958 | BG31: 1388299.3
A32: 43927 | B32: 160706.28 | C32: 1 | D32: =(B32-B31)/B31 -> 0.27966102 | Q32: 43927 | R32: 20643.761 | S32: 2 | T32: =(R32-R31)/R31 -> -0.23987482 | AR32: =A32 -> 43927 | AS32: =B32*C32 -> 160706.28 | AT32: =IF(AND(IFERROR($AS32, 0) >= $BI$2, IFERROR($C32, 0) >= $BJ$2), IFERROR(($C32 / $BK$2) * 100, ""), "") | AU32: =Q32 -> 43927 | AV32: =R32*S32 -> 41287.523 | AW32: =IF(OR(ROW()=731, ROW()=729), "", IF(AND(IFERROR($AV32, 0) >= $BM$2, IFERROR($S32, 0) >= $BN$2), ROUND(IFERROR(($S32 / $BO$2) * 100, ""), 2), "")) | BC32: 45959 | BD32: 849893.97 | BF32: 45959 | BG32: 502719.84
A33: 43928 | B33: 180927.6 | C33: 32 | D33: =(B33-B32)/B32 -> 0.12582781 | G33: Maximum Price Period | Q33: 43928 | R33: 17843.929 | S33: 75 | T33: =(R33-R32)/R32 -> -0.13562606 | W33: Minimum Price Period | AR33: =A33 -> 43928 | AS33: =B33*C33 -> 5789683.2 | AT33: =IF(AND(IFERROR($AS33, 0) >= $BI$2, IFERROR($C33, 0) >= $BJ$2), IFERROR(($C33 / $BK$2) * 100, ""), "") | AU33: =Q33 -> 43928 | AV33: =R33*S33 -> 1338294.7 | AW33: =IF(OR(ROW()=731, ROW()=729), "", IF(AND(IFERROR($AV33, 0) >= $BM$2, IFERROR($S33, 0) >= $BN$2), ROUND(IFERROR(($S33 / $BO$2) * 100, ""), 2), "")) | BC33: 45960 | BD33: 758536.51 | BF33: 45960 | BG33: 805218.1
A34: 43929 | B34: 187313.28 | C34: 6 | D34: =(B34-B33)/B33 -> 0.035294118 | G34: 10 days | H34: 20 days | I34: 1 months | J34: 2 months | K34: 3 months | L34: 6 months | M34: 12 months | N34: 24 Months | Q34: 43929 | R34: 16958.982 | S34: 20 | T34: =(R34-R33)/R33 -> -0.049593724 | W34: 10 days | X34: 20 days | Y34: 1 months | Z34: 2 months | AA34: 3 months | AB34: 6 months | AC34: 12 months | AD34: 24 Months | AR34: =A34 -> 43929 | AS34: =B34*C34 -> 1123879.7 | AT34: =IF(AND(IFERROR($AS34, 0) >= $BI$2, IFERROR($C34, 0) >= $BJ$2), IFERROR(($C34 / $BK$2) * 100, ""), "") | AU34: =Q34 -> 43929 | AV34: =R34*S34 -> 339179.65 | AW34: =IF(OR(ROW()=731, ROW()=729), "", IF(AND(IFERROR($AV34, 0) >= $BM$2, IFERROR($S34, 0) >= $BN$2), ROUND(IFERROR(($S34 / $BO$2) * 100, ""), 2), "")) | BC34: 45961 | BD34: 529071.58 | BF34: 45961 | BG34: 1337297.3
A35: 43930 | B35: 171349.08 | C35: 3 | D35: =(B35-B34)/B34 -> -0.085227273 | F35: Date | G35: {=_xlfn.LET( _xlpm.Lookups, O8:O15, _xlpm.Data, _xlfn.DROP(_xlfn.ANCHORARRAY(A2), 1), TRANSPOSE(_xlfn.MAP(_xlpm.Lookups, _xlfn.LAMBDA(_xlpm.StartDate, IFERROR(_xlfn.TAKE(_xlfn._xlws.SORT(_xlfn._xlws.FILTER(_xlpm.Data, (INDEX(_xlpm.Data,,1) >= _xlpm.StartDate) * ISNUMBER(INDEX(_xlpm.Data,,2))), 2, -1), 1, 1), "") ))) )} -> 46093 | H35: 46084 | I35: 46084 | J35: 46052 | K35: 46052 | L35: 45996 | M35: 45735 | N35: 45435 | Q35: 43930 | R35: 18386.397 | S35: 4 | T35: =(R35-R34)/R34 -> 0.084168635 | V35: Date | W35: {=_xlfn.LET( _xlpm.Lookups, AE8:AE15, _xlpm.Data, _xlfn.DROP(_xlfn.ANCHORARRAY(Q2), 1), TRANSPOSE(_xlfn.MAP(_xlpm.Lookups, _xlfn.LAMBDA(_xlpm.StartDate, IFERROR(_xlfn.TAKE(_xlfn._xlws.SORT(_xlfn._xlws.FILTER(_xlpm.Data, (INDEX(_xlpm.Data,,1) >= _xlpm.StartDate) * ISNUMBER(INDEX(_xlpm.Data,,2))), 2, -1), 1, 1), "") ))) )} -> 46091 | X35: 46079 | Y35: 46079 | Z35: 46038 | AA35: 46037 | AB35: 46037 | AC35: 46037 | AD35: 45509 | AR35: =A35 -> 43930 | AS35: =B35*C35 -> 514047.24 | AT35: =IF(AND(IFERROR($AS35, 0) >= $BI$2, IFERROR($C35, 0) >= $BJ$2), IFERROR(($C35 / $BK$2) * 100, ""), "") | AU35: =Q35 -> 43930 | AV35: =R35*S35 -> 73545.587 | AW35: =IF(OR(ROW()=731, ROW()=729), "", IF(AND(IFERROR($AV35, 0) >= $BM$2, IFERROR($S35, 0) >= $BN$2), ROUND(IFERROR(($S35 / $BO$2) * 100, ""), 2), "")) | BC35: 45964 | BD35: 519906.24 | BF35: 45964 | BG35: 624586.8
A36: 43935 | B36: 161770.56 | C36: #N/A | D36: =(B36-B35)/B35 -> -0.055900621 | F36: Volume recorded | G36: {=_xlfn.XLOOKUP(_xlfn.ANCHORARRAY(G35), INDEX(_xlfn.ANCHORARRAY(A2), , 1), INDEX(_xlfn.ANCHORARRAY(A2), , 3), "", 0, 2)} -> 257366 | H36: 672434 | I36: 672434 | J36: 174811 | K36: 174811 | L36: 228568 | M36: 3669 | N36: 24338 | Q36: 43935 | R36: 19411.335 | S36: #N/A | T36: =(R36-R35)/R35 -> 0.055744391 | V36: Volume recorded | W36: {=_xlfn.XLOOKUP(_xlfn.ANCHORARRAY(W35), INDEX(_xlfn.ANCHORARRAY(Q2), , 1), INDEX(_xlfn.ANCHORARRAY(Q2), , 3), "", 0, 2)} -> 37422 | X36: 44767 | Y36: 44767 | Z36: 50354 | AA36: 20176 | AB36: 20176 | AC36: 20176 | AD36: 981 | AR36: =A36 -> 43935 | AS36: =B36*C36 -> #N/A | AT36: =IF(AND(IFERROR($AS36, 0) >= $BI$2, IFERROR($C36, 0) >= $BJ$2), IFERROR(($C36 / $BK$2) * 100, ""), "") | AU36: =Q36 -> 43935 | AV36: =R36*S36 -> #N/A | AW36: =IF(OR(ROW()=731, ROW()=729), "", IF(AND(IFERROR($AV36, 0) >= $BM$2, IFERROR($S36, 0) >= $BN$2), ROUND(IFERROR(($S36 / $BO$2) * 100, ""), 2), "")) | BC36: 45965 | BD36: 1128817.6 | BF36: 45965 | BG36: 596681.28
A37: 43936 | B37: 139420.68 | C37: 6 | D37: =(B37-B36)/B36 -> -0.13815789 | F37: Price recorded | G37: {=_xlfn.XLOOKUP(_xlfn.ANCHORARRAY(G35), INDEX(_xlfn.ANCHORARRAY(A2), , 1), INDEX(_xlfn.ANCHORARRAY(A2), , 2), "", 0, 2)} -> 1.9398 | H37: 1.9765 | I37: 1.9765 | J37: 5.56 | K37: 5.56 | L37: 9.772 | M37: 34.349 | N37: 70.14 | Q37: 43936 | R37: 22051.177 | S37: 8 | T37: =(R37-R36)/R36 -> 0.13599484 | V37: Price recorded | W37: {=_xlfn.XLOOKUP(_xlfn.ANCHORARRAY(W35), INDEX(_xlfn.ANCHORARRAY(Q2), , 1), INDEX(_xlfn.ANCHORARRAY(Q2), , 2), "", 0, 2)} -> 11.84 | X37: 15.67 | Y37: 15.67 | Z37: 35.2 | AA37: 35.26 | AB37: 35.26 | AC37: 35.26 | AD37: 128.4561 | AR37: =A37 -> 43936 | AS37: =B37*C37 -> 836524.08 | AT37: =IF(AND(IFERROR($AS37, 0) >= $BI$2, IFERROR($C37, 0) >= $BJ$2), IFERROR(($C37 / $BK$2) * 100, ""), "") | AU37: =Q37 -> 43936 | AV37: =R37*S37 -> 176409.41 | AW37: =IF(OR(ROW()=731, ROW()=729), "", IF(AND(IFERROR($AV37, 0) >= $BM$2, IFERROR($S37, 0) >= $BN$2), ROUND(IFERROR(($S37 / $BO$2) * 100, ""), 2), "")) | BC37: 45966 | BD37: 294695.6 | BF37: 45966 | BG37: 508990.35
A38: 43937 | B38: 134099.28 | C38: 14 | D38: =(B38-B37)/B37 -> -0.038167939 | Q38: 43937 | R38: 23178.609 | S38: 32 | T38: =(R38-R37)/R37 -> 0.051127992 | AR38: =A38 -> 43937 | AS38: =B38*C38 -> 1877389.9 | AT38: =IF(AND(IFERROR($AS38, 0) >= $BI$2, IFERROR($C38, 0) >= $BJ$2), IFERROR(($C38 / $BK$2) * 100, ""), "") | AU38: =Q38 -> 43937 | AV38: =R38*S38 -> 741715.49 | AW38: =IF(OR(ROW()=731, ROW()=729), "", IF(AND(IFERROR($AV38, 0) >= $BM$2, IFERROR($S38, 0) >= $BN$2), ROUND(IFERROR(($S38 / $BO$2) * 100, ""), 2), "")) | BC38: 45967 | BD38: 557979.72 | BF38: 45967 | BG38: 387655.29
A39: 43938 | B39: 179863.32 | C39: 8 | D39: =(B39-B38)/B38 -> 0.34126984 | Q39: 43938 | R39: 16304.022 | S39: 45 | T39: =(R39-R38)/R38 -> -0.29659189 | AR39: =A39 -> 43938 | AS39: =B39*C39 -> 1438906.6 | AT39: =IF(AND(IFERROR($AS39, 0) >= $BI$2, IFERROR($C39, 0) >= $BJ$2), IFERROR(($C39 / $BK$2) * 100, ""), "") | AU39: =Q39 -> 43938 | AV39: =R39*S39 -> 733680.98 | AW39: =IF(OR(ROW()=731, ROW()=729), "", IF(AND(IFERROR($AV39, 0) >= $BM$2, IFERROR($S39, 0) >= $BN$2), ROUND(IFERROR(($S39 / $BO$2) * 100, ""), 2), "")) | BC39: 45968 | BD39: 576189.36 | BF39: 45968 | BG39: 445625.16
A40: 43941 | B40: 180927.6 | C40: 16 | D40: =(B40-B39)/B39 -> 0.0059171598 | J40: Select Date | Q40: 43941 | R40: 16294.022 | S40: 76 | T40: =(R40-R39)/R39 -> -0.0006133088 | Z40: Select Date | AR40: =A40 -> 43941 | AS40: =B40*C40 -> 2894841.6 | AT40: =IF(AND(IFERROR($AS40, 0) >= $BI$2, IFERROR($C40, 0) >= $BJ$2), IFERROR(($C40 / $BK$2) * 100, ""), "") | AU40: =Q40 -> 43941 | AV40: =R40*S40 -> 1238345.7 | AW40: =IF(OR(ROW()=731, ROW()=729), "", IF(AND(IFERROR($AV40, 0) >= $BM$2, IFERROR($S40, 0) >= $BN$2), ROUND(IFERROR(($S40 / $BO$2) * 100, ""), 2), "")) | BC40: 45971 | BD40: 703565.09 | BF40: 45971 | BG40: 989028.82
A41: 43942 | B41: 219241.68 | C41: 15 | D41: =(B41-B40)/B40 -> 0.21176471 | J41: 45917 | Q41: 43942 | R41: 12759.234 | S41: 323 | T41: =(R41-R40)/R40 -> -0.21693771 | Z41: 45917 | AR41: =A41 -> 43942 | AS41: =B41*C41 -> 3288625.2 | AT41: =IF(AND(IFERROR($AS41, 0) >= $BI$2, IFERROR($C41, 0) >= $BJ$2), IFERROR(($C41 / $BK$2) * 100, ""), "") | AU41: =Q41 -> 43942 | AV41: =R41*S41 -> 4121232.7 | AW41: =IF(OR(ROW()=731, ROW()=729), "", IF(AND(IFERROR($AV41, 0) >= $BM$2, IFERROR($S41, 0) >= $BN$2), ROUND(IFERROR(($S41 / $BO$2) * 100, ""), 2), "")) | BC41: 45972 | BD41: 1127247.2 | BF41: 45972 | BG41: 1112705.4
A42: 43943 | B42: 208598.88 | C42: 11 | D42: =(B42-B41)/B41 -> -0.048543689 | Q42: 43943 | R42: 13159.21 | S42: 239 | T42: =(R42-R41)/R41 -> 0.031347962 | AR42: =A42 -> 43943 | AS42: =B42*C42 -> 2294587.7 | AT42: =IF(AND(IFERROR($AS42, 0) >= $BI$2, IFERROR($C42, 0) >= $BJ$2), IFERROR(($C42 / $BK$2) * 100, ""), "") | AU42: =Q42 -> 43943 | AV42: =R42*S42 -> 3145051.3 | AW42: =IF(OR(ROW()=731, ROW()=729), "", IF(AND(IFERROR($AV42, 0) >= $BM$2, IFERROR($S42, 0) >= $BN$2), ROUND(IFERROR(($S42 / $BO$2) * 100, ""), 2), "")) | BC42: 45973 | BD42: 690384.13 | BF42: 45973 | BG42: 494053
A43: 43944 | B43: 191570.4 | C43: 15 | D43: =(B43-B42)/B42 -> -0.081632653 | Q43: 43944 | R43: 14049.157 | S43: 51 | T43: =(R43-R42)/R42 -> 0.067629179 | AR43: =A43 -> 43944 | AS43: =B43*C43 -> 2873556 | AT43: =IF(AND(IFERROR($AS43, 0) >= $BI$2, IFERROR($C43, 0) >= $BJ$2), IFERROR(($C43 / $BK$2) * 100, ""), "") | AU43: =Q43 -> 43944 | AV43: =R43*S43 -> 716507.01 | AW43: =IF(OR(ROW()=731, ROW()=729), "", IF(AND(IFERROR($AV43, 0) >= $BM$2, IFERROR($S43, 0) >= $BN$2), ROUND(IFERROR(($S43 / $BO$2) * 100, ""), 2), "")) | BC43: 45974 | BD43: 819213.41 | BF43: 45974 | BG43: 448706.26
A44: 43945 | B44: 161770.56 | C44: 1 | D44: =(B44-B43)/B43 -> -0.15555556 | Q44: 43945 | R44: 16356.519 | S44: 47 | T44: =(R44-R43)/R43 -> 0.16423488 | AR44: =A44 -> 43945 | AS44: =B44*C44 -> 161770.56 | AT44: =IF(AND(IFERROR($AS44, 0) >= $BI$2, IFERROR($C44, 0) >= $BJ$2), IFERROR(($C44 / $BK$2) * 100, ""), "") | AU44: =Q44 -> 43945 | AV44: =R44*S44 -> 768756.37 | AW44: =IF(OR(ROW()=731, ROW()=729), "", IF(AND(IFERROR($AV44, 0) >= $BM$2, IFERROR($S44, 0) >= $BN$2), ROUND(IFERROR(($S44 / $BO$2) * 100, ""), 2), "")) | BC44: 45975 | BD44: 996905.7 | BF44: 45975 | BG44: 874154.56
A45: 43948 | B45: 139420.68 | C45: #N/A | D45: =(B45-B44)/B44 -> -0.13815789 | Q45: 43948 | R45: 18633.882 | S45: 3 | T45: =(R45-R44)/R44 -> 0.13923276 | AR45: =A45 -> 43948 | AS45: =B45*C45 -> #N/A | AT45: =IF(AND(IFERROR($AS45, 0) >= $BI$2, IFERROR($C45, 0) >= $BJ$2), IFERROR(($C45 / $BK$2) * 100, ""), "") | AU45: =Q45 -> 43948 | AV45: =R45*S45 -> 55901.646 | AW45: =IF(OR(ROW()=731, ROW()=729), "", IF(AND(IFERROR($AV45, 0) >= $BM$2, IFERROR($S45, 0) >= $BN$2), ROUND(IFERROR(($S45 / $BO$2) * 100, ""), 2), "")) | BC45: 45978 | BD45: 328907.79 | BF45: 45978 | BG45: 377059.98
A46: 43949 | B46: 184120.44 | C46: 15 | D46: =(B46-B45)/B45 -> 0.32061069 | Q46: 43949 | R46: 14226.646 | S46: 42 | T46: =(R46-R45)/R45 -> -0.2365173 | AR46: =A46 -> 43949 | AS46: =B46*C46 -> 2761806.6 | AT46: =IF(AND(IFERROR($AS46, 0) >= $BI$2, IFERROR($C46, 0) >= $BJ$2), IFERROR(($C46 / $BK$2) * 100, ""), "") | AU46: =Q46 -> 43949 | AV46: =R46*S46 -> 597519.15 | AW46: =IF(OR(ROW()=731, ROW()=729), "", IF(AND(IFERROR($AV46, 0) >= $BM$2, IFERROR($S46, 0) >= $BN$2), ROUND(IFERROR(($S46 / $BO$2) * 100, ""), 2), "")) | BC46: 45979 | BD46: 890907 | BF46: 45979 | BG46: 995588
A47: 43950 | B47: 160706.28 | C47: #N/A | D47: =(B47-B46)/B46 -> -0.12716763 | Q47: 43950 | R47: 16314.021 | S47: 5 | T47: =(R47-R46)/R46 -> 0.14672289 | AR47: =A47 -> 43950 | AS47: =B47*C47 -> #N/A | AT47: =IF(AND(IFERROR($AS47, 0) >= $BI$2, IFERROR($C47, 0) >= $BJ$2), IFERROR(($C47 / $BK$2) * 100, ""), "") | AU47: =Q47 -> 43950 | AV47: =R47*S47 -> 81570.106 | AW47: =IF(OR(ROW()=731, ROW()=729), "", IF(AND(IFERROR($AV47, 0) >= $BM$2, IFERROR($S47, 0) >= $BN$2), ROUND(IFERROR(($S47 / $BO$2) * 100, ""), 2), "")) | BC47: 45980 | BD47: 707508.3 | BF47: 45980 | BG47: 722503.74
A48: 43951 | B48: 167091.96 | C48: 5 | D48: =(B48-B47)/B47 -> 0.039735099 | Q48: 43951 | R48: 15566.566 | S48: 57 | T48: =(R48-R47)/R47 -> -0.04581673 | AR48: =A48 -> 43951 | AS48: =B48*C48 -> 835459.8 | AT48: =IF(AND(IFERROR($AS48, 0) >= $BI$2, IFERROR($C48, 0) >= $BJ$2), IFERROR(($C48 / $BK$2) * 100, ""), "") | AU48: =Q48 -> 43951 | AV48: =R48*S48 -> 887294.26 | AW48: =IF(OR(ROW()=731, ROW()=729), "", IF(AND(IFERROR($AV48, 0) >= $BM$2, IFERROR($S48, 0) >= $BN$2), ROUND(IFERROR(($S48 / $BO$2) * 100, ""), 2), "")) | BC48: 45981 | BD48: 1200313.1 | BF48: 45981 | BG48: 602880.66
A49: 43952 | B49: 166027.68 | C49: #N/A | D49: =(B49-B48)/B48 -> -0.0063694268 | Q49: 43952 | R49: 15341.579 | S49: 6 | T49: =(R49-R48)/R48 -> -0.014453188 | AR49: =A49 -> 43952 | AS49: =B49*C49 -> #N/A | AT49: =IF(AND(IFERROR($AS49, 0) >= $BI$2, IFERROR($C49, 0) >= $BJ$2), IFERROR(($C49 / $BK$2) * 100, ""), "") | AU49: =Q49 -> 43952 | AV49: =R49*S49 -> 92049.477 | AW49: =IF(OR(ROW()=731, ROW()=729), "", IF(AND(IFERROR($AV49, 0) >= $BM$2, IFERROR($S49, 0) >= $BN$2), ROUND(IFERROR(($S49 / $BO$2) * 100, ""), 2), "")) | BC49: 45982 | BD49: 986612 | BF49: 45982 | BG49: 781691.62
A50: 43955 | B50: 176670.48 | C50: #N/A | D50: =(B50-B49)/B49 -> 0.064102564 | Q50: 43955 | R50: 14191.648 | S50: 6 | T50: =(R50-R49)/R49 -> -0.07495519 | AR50: =A50 -> 43955 | AS50: =B50*C50 -> #N/A | AT50: =IF(AND(IFERROR($AS50, 0) >= $BI$2, IFERROR($C50, 0) >= $BJ$2), IFERROR(($C50 / $BK$2) * 100, ""), "") | AU50: =Q50 -> 43955 | AV50: =R50*S50 -> 85149.891 | AW50: =IF(OR(ROW()=731, ROW()=729), "", IF(AND(IFERROR($AV50, 0) >= $BM$2, IFERROR($S50, 0) >= $BN$2), ROUND(IFERROR(($S50 / $BO$2) * 100, ""), 2), "")) | BC50: 45985 | BD50: 654000.1 | BF50: 45985 | BG50: 478320.99
A51: 43956 | B51: 221370.24 | C51: 6 | D51: =(B51-B50)/B50 -> 0.25301205 | Q51: 43956 | R51: 10776.853 | S51: 116 | T51: =(R51-R50)/R50 -> -0.24062004 | AR51: =A51 -> 43956 | AS51: =B51*C51 -> 1328221.4 | AT51: =IF(AND(IFERROR($AS51, 0) >= $BI$2, IFERROR($C51, 0) >= $BJ$2), IFERROR(($C51 / $BK$2) * 100, ""), "") | AU51: =Q51 -> 43956 | AV51: =R51*S51 -> 1250115 | AW51: =IF(OR(ROW()=731, ROW()=729), "", IF(AND(IFERROR($AV51, 0) >= $BM$2, IFERROR($S51, 0) >= $BN$2), ROUND(IFERROR(($S51 / $BO$2) * 100, ""), 2), "")) | BC51: 45986 | BD51: 768528.45 | BF51: 45986 | BG51: 768014.88
A52: 43957 | B52: 177734.76 | C52: 6 | D52: =(B52-B51)/B51 -> -0.19711538 | Q52: 43957 | R52: 12991.72 | S52: 24 | T52: =(R52-R51)/R51 -> 0.20552075 | AR52: =A52 -> 43957 | AS52: =B52*C52 -> 1066408.6 | AT52: =IF(AND(IFERROR($AS52, 0) >= $BI$2, IFERROR($C52, 0) >= $BJ$2), IFERROR(($C52 / $BK$2) * 100, ""), "") | AU52: =Q52 -> 43957 | AV52: =R52*S52 -> 311801.29 | AW52: =IF(OR(ROW()=731, ROW()=729), "", IF(AND(IFERROR($AV52, 0) >= $BM$2, IFERROR($S52, 0) >= $BN$2), ROUND(IFERROR(($S52 / $BO$2) * 100, ""), 2), "")) | BC52: 45987 | BD52: 556753.87 | BF52: 45987 | BG52: 402360.42
A53: 43958 | B53: 167091.96 | C53: 3 | D53: =(B53-B52)/B52 -> -0.05988024 | Q53: 43958 | R53: 13631.682 | S53: 4 | T53: =(R53-R52)/R52 -> 0.049259196 | AR53: =A53 -> 43958 | AS53: =B53*C53 -> 501275.88 | AT53: =IF(AND(IFERROR($AS53, 0) >= $BI$2, IFERROR($C53, 0) >= $BJ$2), IFERROR(($C53 / $BK$2) * 100, ""), "") | AU53: =Q53 -> 43958 | AV53: =R53*S53 -> 54526.728 | AW53: =IF(OR(ROW()=731, ROW()=729), "", IF(AND(IFERROR($AV53, 0) >= $BM$2, IFERROR($S53, 0) >= $BN$2), ROUND(IFERROR(($S53 / $BO$2) * 100, ""), 2), "")) | BC53: 45988 | BD53: 60112.173 | BF53: 45988 | BG53: 188624.7
A54: 43959 | B54: #N/A | C54: #N/A | D54: =(B54-B53)/B53 -> #N/A | Q54: 43959 | R54: #N/A | S54: #N/A | T54: =(R54-R53)/R53 -> #N/A | AR54: =A54 -> 43959 | AS54: =B54*C54 -> #N/A | AT54: =IF(AND(IFERROR($AS54, 0) >= $BI$2, IFERROR($C54, 0) >= $BJ$2), IFERROR(($C54 / $BK$2) * 100, ""), "") | AU54: =Q54 -> 43959 | AV54: =R54*S54 -> #N/A | AW54: =IF(OR(ROW()=731, ROW()=729), "", IF(AND(IFERROR($AV54, 0) >= $BM$2, IFERROR($S54, 0) >= $BN$2), ROUND(IFERROR(($S54 / $BO$2) * 100, ""), 2), "")) | BC54: 45989 | BD54: 585277.57 | BF54: 45989 | BG54: 1476091.1
A55: 43962 | B55: 152192.04 | C55: 11 | D55: =(B55-B54)/B54 -> #N/A | Q55: 43962 | R55: 14949.103 | S55: 84 | T55: =(R55-R54)/R54 -> #N/A | AR55: =A55 -> 43962 | AS55: =B55*C55 -> 1674112.4 | AT55: =IF(AND(IFERROR($AS55, 0) >= $BI$2, IFERROR($C55, 0) >= $BJ$2), IFERROR(($C55 / $BK$2) * 100, ""), "") | AU55: =Q55 -> 43962 | AV55: =R55*S55 -> 1255724.7 | AW55: =IF(OR(ROW()=731, ROW()=729), "", IF(AND(IFERROR($AV55, 0) >= $BM$2, IFERROR($S55, 0) >= $BN$2), ROUND(IFERROR(($S55 / $BO$2) * 100, ""), 2), "")) | BC55: 45992 | BD55: 755325.56 | BF55: 45992 | BG55: 323294.74
A56: 43963 | B56: 131970.72 | C56: 5 | D56: =(B56-B55)/B55 -> -0.13286713 | Q56: 43963 | R56: 16901.486 | S56: 70 | T56: =(R56-R55)/R55 -> 0.130602 | AR56: =A56 -> 43963 | AS56: =B56*C56 -> 659853.6 | AT56: =IF(AND(IFERROR($AS56, 0) >= $BI$2, IFERROR($C56, 0) >= $BJ$2), IFERROR(($C56 / $BK$2) * 100, ""), "") | AU56: =Q56 -> 43963 | AV56: =R56*S56 -> 1183104 | AW56: =IF(OR(ROW()=731, ROW()=729), "", IF(AND(IFERROR($AV56, 0) >= $BM$2, IFERROR($S56, 0) >= $BN$2), ROUND(IFERROR(($S56 / $BO$2) * 100, ""), 2), "")) | BC56: 45993 | BD56: 683790.7 | BF56: 45993 | BG56: 452028.2
A57: 43964 | B57: 109620.84 | C57: 24 | D57: =(B57-B56)/B56 -> -0.16935484 | Q57: 43964 | R57: 19838.81 | S57: 33 | T57: =(R57-R56)/R56 -> 0.17379086 | AR57: =A57 -> 43964 | AS57: =B57*C57 -> 2630900.2 | AT57: =IF(AND(IFERROR($AS57, 0) >= $BI$2, IFERROR($C57, 0) >= $BJ$2), IFERROR(($C57 / $BK$2) * 100, ""), "") | AU57: =Q57 -> 43964 | AV57: =R57*S57 -> 654680.72 | AW57: =IF(OR(ROW()=731, ROW()=729), "", IF(AND(IFERROR($AV57, 0) >= $BM$2, IFERROR($S57, 0) >= $BN$2), ROUND(IFERROR(($S57 / $BO$2) * 100, ""), 2), "")) | BC57: 45994 | BD57: 428836.76 | BF57: 45994 | BG57: 521241.75
A58: 43965 | B58: 114942.24 | C58: 41 | D58: =(B58-B57)/B57 -> 0.048543689 | Q58: 43965 | R58: 18808.871 | S58: 56 | T58: =(R58-R57)/R57 -> -0.051915323 | AR58: =A58 -> 43965 | AS58: =B58*C58 -> 4712631.8 | AT58: =IF(AND(IFERROR($AS58, 0) >= $BI$2, IFERROR($C58, 0) >= $BJ$2), IFERROR(($C58 / $BK$2) * 100, ""), "") | AU58: =Q58 -> 43965 | AV58: =R58*S58 -> 1053296.8 | AW58: =IF(OR(ROW()=731, ROW()=729), "", IF(AND(IFERROR($AV58, 0) >= $BM$2, IFERROR($S58, 0) >= $BN$2), ROUND(IFERROR(($S58 / $BO$2) * 100, ""), 2), "")) | BC58: 45995 | BD58: 409128.83 | BF58: 45995 | BG58: 251290.2
A59: 43966 | B59: 105363.72 | C59: 14 | D59: =(B59-B58)/B58 -> -0.083333333 | Q59: 43966 | R59: 20103.794 | S59: 97 | T59: =(R59-R58)/R58 -> 0.068846358 | AR59: =A59 -> 43966 | AS59: =B59*C59 -> 1475092.1 | AT59: =IF(AND(IFERROR($AS59, 0) >= $BI$2, IFERROR($C59, 0) >= $BJ$2), IFERROR(($C59 / $BK$2) * 100, ""), "") | AU59: =Q59 -> 43966 | AV59: =R59*S59 -> 1950068 | AW59: =IF(OR(ROW()=731, ROW()=729), "", IF(AND(IFERROR($AV59, 0) >= $BM$2, IFERROR($S59, 0) >= $BN$2), ROUND(IFERROR(($S59 / $BO$2) * 100, ""), 2), "")) | BC59: 45996 | BD59: 2233566.5 | BF59: 45996 | BG59: 1291814
A60: 43969 | B60: 124520.76 | C60: 5 | D60: =(B60-B59)/B59 -> 0.18181818 | Q60: 43969 | R60: 15951.543 | S60: 10 | T60: =(R60-R59)/R59 -> -0.20654066 | AR60: =A60 -> 43969 | AS60: =B60*C60 -> 622603.8 | AT60: =IF(AND(IFERROR($AS60, 0) >= $BI$2, IFERROR($C60, 0) >= $BJ$2), IFERROR(($C60 / $BK$2) * 100, ""), "") | AU60: =Q60 -> 43969 | AV60: =R60*S60 -> 159515.43 | AW60: =IF(OR(ROW()=731, ROW()=729), "", IF(AND(IFERROR($AV60, 0) >= $BM$2, IFERROR($S60, 0) >= $BN$2), ROUND(IFERROR(($S60 / $BO$2) * 100, ""), 2), "")) | BC60: 45999 | BD60: 2095577.5 | BF60: 45999 | BG60: 958560.11
A61: 43970 | B61: 124520.76 | C61: 2 | D61: =(B61-B60)/B60 -> 0 | Q61: 43970 | R61: 16239.026 | S61: 123 | T61: =(R61-R60)/R60 -> 0.01802225 | AR61: =A61 -> 43970 | AS61: =B61*C61 -> 249041.52 | AT61: =IF(AND(IFERROR($AS61, 0) >= $BI$2, IFERROR($C61, 0) >= $BJ$2), IFERROR(($C61 / $BK$2) * 100, ""), "") | AU61: =Q61 -> 43970 | AV61: =R61*S61 -> 1997400.1 | AW61: =IF(OR(ROW()=731, ROW()=729), "", IF(AND(IFERROR($AV61, 0) >= $BM$2, IFERROR($S61, 0) >= $BN$2), ROUND(IFERROR(($S61 / $BO$2) * 100, ""), 2), "")) | BC61: 46000 | BD61: 746459.46 | BF61: 46000 | BG61: 813988.24
A62: 43971 | B62: 120263.64 | C62: 2 | D62: =(B62-B61)/B61 -> -0.034188034 | Q62: 43971 | R62: 16683.999 | S62: 97 | T62: =(R62-R61)/R61 -> 0.027401478 | AR62: =A62 -> 43971 | AS62: =B62*C62 -> 240527.28 | AT62: =IF(AND(IFERROR($AS62, 0) >= $BI$2, IFERROR($C62, 0) >= $BJ$2), IFERROR(($C62 / $BK$2) * 100, ""), "") | AU62: =Q62 -> 43971 | AV62: =R62*S62 -> 1618347.9 | AW62: =IF(OR(ROW()=731, ROW()=729), "", IF(AND(IFERROR($AV62, 0) >= $BM$2, IFERROR($S62, 0) >= $BN$2), ROUND(IFERROR(($S62 / $BO$2) * 100, ""), 2), "")) | BC62: 46001 | BD62: 1168033.6 | BF62: 46001 | BG62: 1546983.9
A63: 43972 | B63: 100042.32 | C63: 10 | D63: =(B63-B62)/B62 -> -0.16814159 | Q63: 43972 | R63: 19748.815 | S63: 71 | T63: =(R63-R62)/R62 -> 0.18369793 | AR63: =A63 -> 43972 | AS63: =B63*C63 -> 1000423.2 | AT63: =IF(AND(IFERROR($AS63, 0) >= $BI$2, IFERROR($C63, 0) >= $BJ$2), IFERROR(($C63 / $BK$2) * 100, ""), "") | AU63: =Q63 -> 43972 | AV63: =R63*S63 -> 1402165.9 | AW63: =IF(OR(ROW()=731, ROW()=729), "", IF(AND(IFERROR($AV63, 0) >= $BM$2, IFERROR($S63, 0) >= $BN$2), ROUND(IFERROR(($S63 / $BO$2) * 100, ""), 2), "")) | BC63: 46002 | BD63: 703583.99 | BF63: 46002 | BG63: 979524
A64: 43973 | B64: 105363.72 | C64: 4 | D64: =(B64-B63)/B63 -> 0.053191489 | Q64: 43973 | R64: 18641.381 | S64: #N/A | T64: =(R64-R63)/R63 -> -0.056075952 | AR64: =A64 -> 43973 | AS64: =B64*C64 -> 421454.88 | AT64: =IF(AND(IFERROR($AS64, 0) >= $BI$2, IFERROR($C64, 0) >= $BJ$2), IFERROR(($C64 / $BK$2) * 100, ""), "") | AU64: =Q64 -> 43973 | AV64: =R64*S64 -> #N/A | AW64: =IF(OR(ROW()=731, ROW()=729), "", IF(AND(IFERROR($AV64, 0) >= $BM$2, IFERROR($S64, 0) >= $BN$2), ROUND(IFERROR(($S64 / $BO$2) * 100, ""), 2), "")) | BC64: 46003 | BD64: 964468.94 | BF64: 46003 | BG64: 1788270.9
A65: 43976 | B65: #N/A | C65: #N/A | D65: =(B65-B64)/B64 -> #N/A | Q65: 43976 | R65: #N/A | S65: #N/A | T65: =(R65-R64)/R64 -> #N/A | AR65: =A65 -> 43976 | AS65: =B65*C65 -> #N/A | AT65: =IF(AND(IFERROR($AS65, 0) >= $BI$2, IFERROR($C65, 0) >= $BJ$2), IFERROR(($C65 / $BK$2) * 100, ""), "") | AU65: =Q65 -> 43976 | AV65: =R65*S65 -> #N/A | AW65: =IF(OR(ROW()=731, ROW()=729), "", IF(AND(IFERROR($AV65, 0) >= $BM$2, IFERROR($S65, 0) >= $BN$2), ROUND(IFERROR(($S65 / $BO$2) * 100, ""), 2), "")) | BC65: 46006 | BD65: 786804.07 | BF65: 46006 | BG65: 867612.3
A66: 43977 | B66: 113877.96 | C66: 5 | D66: =(B66-B65)/B65 -> #N/A | Q66: 43977 | R66: 17163.97 | S66: 17 | T66: =(R66-R65)/R65 -> #N/A | AR66: =A66 -> 43977 | AS66: =B66*C66 -> 569389.8 | AT66: =IF(AND(IFERROR($AS66, 0) >= $BI$2, IFERROR($C66, 0) >= $BJ$2), IFERROR(($C66 / $BK$2) * 100, ""), "") | AU66: =Q66 -> 43977 | AV66: =R66*S66 -> 291787.49 | AW66: =IF(OR(ROW()=731, ROW()=729), "", IF(AND(IFERROR($AV66, 0) >= $BM$2, IFERROR($S66, 0) >= $BN$2), ROUND(IFERROR(($S66 / $BO$2) * 100, ""), 2), "")) | BC66: 46007 | BD66: 780094.96 | BF66: 46007 | BG66: 1046801.6
A67: 43978 | B67: 111749.4 | C67: 5 | D67: =(B67-B66)/B66 -> -0.018691589 | Q67: 43978 | R67: 17413.955 | S67: 20 | T67: =(R67-R66)/R66 -> 0.014564521 | AR67: =A67 -> 43978 | AS67: =B67*C67 -> 558747 | AT67: =IF(AND(IFERROR($AS67, 0) >= $BI$2, IFERROR($C67, 0) >= $BJ$2), IFERROR(($C67 / $BK$2) * 100, ""), "") | AU67: =Q67 -> 43978 | AV67: =R67*S67 -> 348279.1 | AW67: =IF(OR(ROW()=731, ROW()=729), "", IF(AND(IFERROR($AV67, 0) >= $BM$2, IFERROR($S67, 0) >= $BN$2), ROUND(IFERROR(($S67 / $BO$2) * 100, ""), 2), "")) | BC67: 46008 | BD67: 1198646.5 | BF67: 46008 | BG67: 1090631.4
A68: 43979 | B68: 98978.04 | C68: 7 | D68: =(B68-B67)/B67 -> -0.11428571 | Q68: 43979 | R68: 19521.329 | S68: 18 | T68: =(R68-R67)/R67 -> 0.12101637 | AR68: =A68 -> 43979 | AS68: =B68*C68 -> 692846.28 | AT68: =IF(AND(IFERROR($AS68, 0) >= $BI$2, IFERROR($C68, 0) >= $BJ$2), IFERROR(($C68 / $BK$2) * 100, ""), "") | AU68: =Q68 -> 43979 | AV68: =R68*S68 -> 351383.92 | AW68: =IF(OR(ROW()=731, ROW()=729), "", IF(AND(IFERROR($AV68, 0) >= $BM$2, IFERROR($S68, 0) >= $BN$2), ROUND(IFERROR(($S68 / $BO$2) * 100, ""), 2), "")) | BC68: 46009 | BD68: 1547399.3 | BF68: 46009 | BG68: 1362869.9
A69: 43980 | B69: 86206.68 | C69: 5 | D69: =(B69-B68)/B68 -> -0.12903226 | Q69: 43980 | R69: 21886.187 | S69: 69 | T69: =(R69-R68)/R68 -> 0.12114227 | AR69: =A69 -> 43980 | AS69: =B69*C69 -> 431033.4 | AT69: =IF(AND(IFERROR($AS69, 0) >= $BI$2, IFERROR($C69, 0) >= $BJ$2), IFERROR(($C69 / $BK$2) * 100, ""), "") | AU69: =Q69 -> 43980 | AV69: =R69*S69 -> 1510146.9 | AW69: =IF(OR(ROW()=731, ROW()=729), "", IF(AND(IFERROR($AV69, 0) >= $BM$2, IFERROR($S69, 0) >= $BN$2), ROUND(IFERROR(($S69 / $BO$2) * 100, ""), 2), "")) | BC69: 46010 | BD69: 971884.85 | BF69: 46010 | BG69: 1250267.2
A70: 43983 | B70: 88335.24 | C70: 5 | D70: =(B70-B69)/B69 -> 0.024691358 | Q70: 43983 | R70: 21428.714 | S70: 10 | T70: =(R70-R69)/R69 -> -0.020902339 | AR70: =A70 -> 43983 | AS70: =B70*C70 -> 441676.2 | AT70: =IF(AND(IFERROR($AS70, 0) >= $BI$2, IFERROR($C70, 0) >= $BJ$2), IFERROR(($C70 / $BK$2) * 100, ""), "") | AU70: =Q70 -> 43983 | AV70: =R70*S70 -> 214287.14 | AW70: =IF(OR(ROW()=731, ROW()=729), "", IF(AND(IFERROR($AV70, 0) >= $BM$2, IFERROR($S70, 0) >= $BN$2), ROUND(IFERROR(($S70 / $BO$2) * 100, ""), 2), "")) | BC70: 46013 | BD70: 1541981.2 | BF70: 46013 | BG70: 1712695.9
A71: 43984 | B71: 88335.24 | C71: 47 | D71: =(B71-B70)/B70 -> 0 | Q71: 43984 | R71: 21226.226 | S71: #N/A | T71: =(R71-R70)/R70 -> -0.0094493724 | AR71: =A71 -> 43984 | AS71: =B71*C71 -> 4151756.3 | AT71: =IF(AND(IFERROR($AS71, 0) >= $BI$2, IFERROR($C71, 0) >= $BJ$2), IFERROR(($C71 / $BK$2) * 100, ""), "") | AU71: =Q71 -> 43984 | AV71: =R71*S71 -> #N/A | AW71: =IF(OR(ROW()=731, ROW()=729), "", IF(AND(IFERROR($AV71, 0) >= $BM$2, IFERROR($S71, 0) >= $BN$2), ROUND(IFERROR(($S71 / $BO$2) * 100, ""), 2), "")) | BC71: 46014 | BD71: 1367334.4 | BF71: 46014 | BG71: 513362.2
A72: 43985 | B72: 94720.92 | C72: 9 | D72: =(B72-B71)/B71 -> 0.072289157 | Q72: 43985 | R72: 19903.806 | S72: 20 | T72: =(R72-R71)/R71 -> -0.062301258 | AR72: =A72 -> 43985 | AS72: =B72*C72 -> 852488.28 | AT72: =IF(AND(IFERROR($AS72, 0) >= $BI$2, IFERROR($C72, 0) >= $BJ$2), IFERROR(($C72 / $BK$2) * 100, ""), "") | AU72: =Q72 -> 43985 | AV72: =R72*S72 -> 398076.11 | AW72: =IF(OR(ROW()=731, ROW()=729), "", IF(AND(IFERROR($AV72, 0) >= $BM$2, IFERROR($S72, 0) >= $BN$2), ROUND(IFERROR(($S72 / $BO$2) * 100, ""), 2), "")) | BC72: 46015 | BD72: 152799.03 | BF72: 46015 | BG72: 70080.46
A73: 43986 | B73: 90463.8 | C73: 9 | D73: =(B73-B72)/B72 -> -0.04494382 | Q73: 43986 | R73: 20683.759 | S73: 13 | T73: =(R73-R72)/R72 -> 0.039186134 | AR73: =A73 -> 43986 | AS73: =B73*C73 -> 814174.2 | AT73: =IF(AND(IFERROR($AS73, 0) >= $BI$2, IFERROR($C73, 0) >= $BJ$2), IFERROR(($C73 / $BK$2) * 100, ""), "") | AU73: =Q73 -> 43986 | AV73: =R73*S73 -> 268888.87 | AW73: =IF(OR(ROW()=731, ROW()=729), "", IF(AND(IFERROR($AV73, 0) >= $BM$2, IFERROR($S73, 0) >= $BN$2), ROUND(IFERROR(($S73 / $BO$2) * 100, ""), 2), "")) | BC73: 46020 | BD73: 407920.97 | BF73: 46020 | BG73: 185502.6
A74: 43987 | B74: 90463.8 | C74: 9 | D74: =(B74-B73)/B73 -> 0 | Q74: 43987 | R74: 20603.764 | S74: 1 | T74: =(R74-R73)/R73 -> -0.0038675369 | AR74: =A74 -> 43987 | AS74: =B74*C74 -> 814174.2 | AT74: =IF(AND(IFERROR($AS74, 0) >= $BI$2, IFERROR($C74, 0) >= $BJ$2), IFERROR(($C74 / $BK$2) * 100, ""), "") | AU74: =Q74 -> 43987 | AV74: =R74*S74 -> 20603.764 | AW74: =IF(OR(ROW()=731, ROW()=729), "", IF(AND(IFERROR($AV74, 0) >= $BM$2, IFERROR($S74, 0) >= $BN$2), ROUND(IFERROR(($S74 / $BO$2) * 100, ""), 2), "")) | BC74: 46021 | BD74: 255921.23 | BF74: 46021 | BG74: 486566.06
A75: 43990 | B75: 88335.24 | C75: 19 | D75: =(B75-B74)/B74 -> -0.023529412 | Q75: 43990 | R75: 21363.718 | S75: 1 | T75: =(R75-R74)/R74 -> 0.036884251 | AR75: =A75 -> 43990 | AS75: =B75*C75 -> 1678369.6 | AT75: =IF(AND(IFERROR($AS75, 0) >= $BI$2, IFERROR($C75, 0) >= $BJ$2), IFERROR(($C75 / $BK$2) * 100, ""), "") | AU75: =Q75 -> 43990 | AV75: =R75*S75 -> 21363.718 | AW75: =IF(OR(ROW()=731, ROW()=729), "", IF(AND(IFERROR($AV75, 0) >= $BM$2, IFERROR($S75, 0) >= $BN$2), ROUND(IFERROR(($S75 / $BO$2) * 100, ""), 2), "")) | BC75: 46022 | BD75: 84821.036 | BF75: 46022 | BG75: 135235.5
A76: 43991 | B76: 86206.68 | C76: 5 | D76: =(B76-B75)/B75 -> -0.024096386 | Q76: 43991 | R76: 21718.697 | S76: 15 | T76: =(R76-R75)/R75 -> 0.016615961 | AR76: =A76 -> 43991 | AS76: =B76*C76 -> 431033.4 | AT76: =IF(AND(IFERROR($AS76, 0) >= $BI$2, IFERROR($C76, 0) >= $BJ$2), IFERROR(($C76 / $BK$2) * 100, ""), "") | AU76: =Q76 -> 43991 | AV76: =R76*S76 -> 325780.45 | AW76: =IF(OR(ROW()=731, ROW()=729), "", IF(AND(IFERROR($AV76, 0) >= $BM$2, IFERROR($S76, 0) >= $BN$2), ROUND(IFERROR(($S76 / $BO$2) * 100, ""), 2), "")) | BC76: 46024 | BD76: 848117.74 | BF76: 46024 | BG76: 898391.92
A77: 43992 | B77: 87270.96 | C77: 19 | D77: =(B77-B76)/B76 -> 0.012345679 | Q77: 43992 | R77: 21638.702 | S77: 1 | T77: =(R77-R76)/R76 -> -0.0036832413 | AR77: =A77 -> 43992 | AS77: =B77*C77 -> 1658148.2 | AT77: =IF(AND(IFERROR($AS77, 0) >= $BI$2, IFERROR($C77, 0) >= $BJ$2), IFERROR(($C77 / $BK$2) * 100, ""), "") | AU77: =Q77 -> 43992 | AV77: =R77*S77 -> 21638.702 | AW77: =IF(OR(ROW()=731, ROW()=729), "", IF(AND(IFERROR($AV77, 0) >= $BM$2, IFERROR($S77, 0) >= $BN$2), ROUND(IFERROR(($S77 / $BO$2) * 100, ""), 2), "")) | BC77: 46027 | BD77: 1077596.4 | BF77: 46027 | BG77: 927069.04
A78: 43993 | B78: 88335.24 | C78: 1 | D78: =(B78-B77)/B77 -> 0.012195122 | Q78: 43993 | R78: 21158.73 | S78: 5 | T78: =(R78-R77)/R77 -> -0.022181146 | AR78: =A78 -> 43993 | AS78: =B78*C78 -> 88335.24 | AT78: =IF(AND(IFERROR($AS78, 0) >= $BI$2, IFERROR($C78, 0) >= $BJ$2), IFERROR(($C78 / $BK$2) * 100, ""), "") | AU78: =Q78 -> 43993 | AV78: =R78*S78 -> 105793.65 | AW78: =IF(OR(ROW()=731, ROW()=729), "", IF(AND(IFERROR($AV78, 0) >= $BM$2, IFERROR($S78, 0) >= $BN$2), ROUND(IFERROR(($S78 / $BO$2) * 100, ""), 2), "")) | BC78: 46028 | BD78: 1004449.3 | BF78: 46028 | BG78: 2896297
A79: 43994 | B79: 85142.4 | C79: #N/A | D79: =(B79-B78)/B78 -> -0.036144578 | Q79: 43994 | R79: 21773.694 | S79: #N/A | T79: =(R79-R78)/R78 -> 0.029064272 | AR79: =A79 -> 43994 | AS79: =B79*C79 -> #N/A | AT79: =IF(AND(IFERROR($AS79, 0) >= $BI$2, IFERROR($C79, 0) >= $BJ$2), IFERROR(($C79 / $BK$2) * 100, ""), "") | AU79: =Q79 -> 43994 | AV79: =R79*S79 -> #N/A | AW79: =IF(OR(ROW()=731, ROW()=729), "", IF(AND(IFERROR($AV79, 0) >= $BM$2, IFERROR($S79, 0) >= $BN$2), ROUND(IFERROR(($S79 / $BO$2) * 100, ""), 2), "")) | BC79: 46029 | BD79: 1394044.7 | BF79: 46029 | BG79: 1705202.7
A80: 43997 | B80: 72371.04 | C80: 5 | D80: =(B80-B79)/B79 -> -0.15 | Q80: 43997 | R80: 25138.492 | S80: 73 | T80: =(R80-R79)/R79 -> 0.15453502 | AR80: =A80 -> 43997 | AS80: =B80*C80 -> 361855.2 | AT80: =IF(AND(IFERROR($AS80, 0) >= $BI$2, IFERROR($C80, 0) >= $BJ$2), IFERROR(($C80 / $BK$2) * 100, ""), "") | AU80: =Q80 -> 43997 | AV80: =R80*S80 -> 1835109.9 | AW80: =IF(OR(ROW()=731, ROW()=729), "", IF(AND(IFERROR($AV80, 0) >= $BM$2, IFERROR($S80, 0) >= $BN$2), ROUND(IFERROR(($S80 / $BO$2) * 100, ""), 2), "")) | BC80: 46030 | BD80: 1657690.2 | BF80: 46030 | BG80: 2338201
A81: 43998 | B81: 62792.52 | C81: 31 | D81: =(B81-B80)/B80 -> -0.13235294 | Q81: 43998 | R81: 28088.315 | S81: 45 | T81: =(R81-R80)/R80 -> 0.11734288 | AR81: =A81 -> 43998 | AS81: =B81*C81 -> 1946568.1 | AT81: =IF(AND(IFERROR($AS81, 0) >= $BI$2, IFERROR($C81, 0) >= $BJ$2), IFERROR(($C81 / $BK$2) * 100, ""), "") | AU81: =Q81 -> 43998 | AV81: =R81*S81 -> 1263974.2 | AW81: =IF(OR(ROW()=731, ROW()=729), "", IF(AND(IFERROR($AV81, 0) >= $BM$2, IFERROR($S81, 0) >= $BN$2), ROUND(IFERROR(($S81 / $BO$2) * 100, ""), 2), "")) | BC81: 46031 | BD81: 3125490 | BF81: 46031 | BG81: 5584800.2
A82: 43999 | B82: 64921.08 | C82: 26 | D82: =(B82-B81)/B81 -> 0.033898305 | Q82: 43999 | R82: 27368.358 | S82: 15 | T82: =(R82-R81)/R81 -> -0.025631897 | AR82: =A82 -> 43999 | AS82: =B82*C82 -> 1687948.1 | AT82: =IF(AND(IFERROR($AS82, 0) >= $BI$2, IFERROR($C82, 0) >= $BJ$2), IFERROR(($C82 / $BK$2) * 100, ""), "") | AU82: =Q82 -> 43999 | AV82: =R82*S82 -> 410525.37 | AW82: =IF(OR(ROW()=731, ROW()=729), "", IF(AND(IFERROR($AV82, 0) >= $BM$2, IFERROR($S82, 0) >= $BN$2), ROUND(IFERROR(($S82 / $BO$2) * 100, ""), 2), "")) | BC82: 46034 | BD82: 784042.69 | BF82: 46034 | BG82: 490309.68
A83: 44000 | B83: 67049.64 | C83: 22 | D83: =(B83-B82)/B82 -> 0.032786885 | Q83: 44000 | R83: 26683.399 | S83: #N/A | T83: =(R83-R82)/R82 -> -0.025027402 | AR83: =A83 -> 44000 | AS83: =B83*C83 -> 1475092.1 | AT83: =IF(AND(IFERROR($AS83, 0) >= $BI$2, IFERROR($C83, 0) >= $BJ$2), IFERROR(($C83 / $BK$2) * 100, ""), "") | AU83: =Q83 -> 44000 | AV83: =R83*S83 -> #N/A | AW83: =IF(OR(ROW()=731, ROW()=729), "", IF(AND(IFERROR($AV83, 0) >= $BM$2, IFERROR($S83, 0) >= $BN$2), ROUND(IFERROR(($S83 / $BO$2) * 100, ""), 2), "")) | BC83: 46035 | BD83: 683224.01 | BF83: 46035 | BG83: 309071.25
A84: 44001 | B84: 71306.76 | C84: 5 | D84: =(B84-B83)/B83 -> 0.063492063 | Q84: 44001 | R84: 25038.498 | S84: 11 | T84: =(R84-R83)/R83 -> -0.061645119 | AR84: =A84 -> 44001 | AS84: =B84*C84 -> 356533.8 | AT84: =IF(AND(IFERROR($AS84, 0) >= $BI$2, IFERROR($C84, 0) >= $BJ$2), IFERROR(($C84 / $BK$2) * 100, ""), "") | AU84: =Q84 -> 44001 | AV84: =R84*S84 -> 275423.47 | AW84: =IF(OR(ROW()=731, ROW()=729), "", IF(AND(IFERROR($AV84, 0) >= $BM$2, IFERROR($S84, 0) >= $BN$2), ROUND(IFERROR(($S84 / $BO$2) * 100, ""), 2), "")) | BC84: 46036 | BD84: 749456.1 | BF84: 46036 | BG84: 464846.4
A85: 44004 | B85: 73435.32 | C85: #N/A | D85: =(B85-B84)/B84 -> 0.029850746 | Q85: 44004 | R85: 24138.552 | S85: #N/A | T85: =(R85-R84)/R84 -> -0.035942492 | AR85: =A85 -> 44004 | AS85: =B85*C85 -> #N/A | AT85: =IF(AND(IFERROR($AS85, 0) >= $BI$2, IFERROR($C85, 0) >= $BJ$2), IFERROR(($C85 / $BK$2) * 100, ""), "") | AU85: =Q85 -> 44004 | AV85: =R85*S85 -> #N/A | AW85: =IF(OR(ROW()=731, ROW()=729), "", IF(AND(IFERROR($AV85, 0) >= $BM$2, IFERROR($S85, 0) >= $BN$2), ROUND(IFERROR(($S85 / $BO$2) * 100, ""), 2), "")) | BC85: 46037 | BD85: 644348.69 | BF85: 46037 | BG85: 711405.76
A86: 44005 | B86: 64921.08 | C86: 5 | D86: =(B86-B85)/B85 -> -0.11594203 | Q86: 44005 | R86: 27643.341 | S86: 1 | T86: =(R86-R85)/R85 -> 0.1451947 | AR86: =A86 -> 44005 | AS86: =B86*C86 -> 324605.4 | AT86: =IF(AND(IFERROR($AS86, 0) >= $BI$2, IFERROR($C86, 0) >= $BJ$2), IFERROR(($C86 / $BK$2) * 100, ""), "") | AU86: =Q86 -> 44005 | AV86: =R86*S86 -> 27643.341 | AW86: =IF(OR(ROW()=731, ROW()=729), "", IF(AND(IFERROR($AV86, 0) >= $BM$2, IFERROR($S86, 0) >= $BN$2), ROUND(IFERROR(($S86 / $BO$2) * 100, ""), 2), "")) | BC86: 46038 | BD86: 1625028.5 | BF86: 46038 | BG86: 1772460.8
A87: 44006 | B87: 63856.8 | C87: 8 | D87: =(B87-B86)/B86 -> -0.016393443 | Q87: 44006 | R87: 27768.334 | S87: 30 | T87: =(R87-R86)/R86 -> 0.0045216133 | AR87: =A87 -> 44006 | AS87: =B87*C87 -> 510854.4 | AT87: =IF(AND(IFERROR($AS87, 0) >= $BI$2, IFERROR($C87, 0) >= $BJ$2), IFERROR(($C87 / $BK$2) * 100, ""), "") | AU87: =Q87 -> 44006 | AV87: =R87*S87 -> 833050.01 | AW87: =IF(OR(ROW()=731, ROW()=729), "", IF(AND(IFERROR($AV87, 0) >= $BM$2, IFERROR($S87, 0) >= $BN$2), ROUND(IFERROR(($S87 / $BO$2) * 100, ""), 2), "")) | BC87: 46041 | BD87: 1298286.1 | BF87: 46041 | BG87: 1259603.1
A88: 44007 | B88: 46828.32 | C88: 17 | D88: =(B88-B87)/B87 -> -0.26666667 | Q88: 44007 | R88: 36132.832 | S88: 61 | T88: =(R88-R87)/R87 -> 0.30122434 | AR88: =A88 -> 44007 | AS88: =B88*C88 -> 796081.44 | AT88: =IF(AND(IFERROR($AS88, 0) >= $BI$2, IFERROR($C88, 0) >= $BJ$2), IFERROR(($C88 / $BK$2) * 100, ""), "") | AU88: =Q88 -> 44007 | AV88: =R88*S88 -> 2204102.7 | AW88: =IF(OR(ROW()=731, ROW()=729), "", IF(AND(IFERROR($AV88, 0) >= $BM$2, IFERROR($S88, 0) >= $BN$2), ROUND(IFERROR(($S88 / $BO$2) * 100, ""), 2), "")) | BC88: 46042 | BD88: 1532763.5 | BF88: 46042 | BG88: 5320579
A89: 44008 | B89: 47892.6 | C89: 16 | D89: =(B89-B88)/B88 -> 0.022727273 | Q89: 44008 | R89: 35337.88 | S89: 58 | T89: =(R89-R88)/R88 -> -0.02200083 | AR89: =A89 -> 44008 | AS89: =B89*C89 -> 766281.6 | AT89: =IF(AND(IFERROR($AS89, 0) >= $BI$2, IFERROR($C89, 0) >= $BJ$2), IFERROR(($C89 / $BK$2) * 100, ""), "") | AU89: =Q89 -> 44008 | AV89: =R89*S89 -> 2049597 | AW89: =IF(OR(ROW()=731, ROW()=729), "", IF(AND(IFERROR($AV89, 0) >= $BM$2, IFERROR($S89, 0) >= $BN$2), ROUND(IFERROR(($S89 / $BO$2) * 100, ""), 2), "")) | BC89: 46043 | BD89: 1586245.6 | BF89: 46043 | BG89: 3629085.6
A90: 44011 | B90: 64921.08 | C90: 21 | D90: =(B90-B89)/B89 -> 0.35555556 | Q90: 44011 | R90: 21853.689 | S90: 21 | T90: =(R90-R89)/R89 -> -0.38157895 | AR90: =A90 -> 44011 | AS90: =B90*C90 -> 1363342.7 | AT90: =IF(AND(IFERROR($AS90, 0) >= $BI$2, IFERROR($C90, 0) >= $BJ$2), IFERROR(($C90 / $BK$2) * 100, ""), "") | AU90: =Q90 -> 44011 | AV90: =R90*S90 -> 458927.46 | AW90: =IF(OR(ROW()=731, ROW()=729), "", IF(AND(IFERROR($AV90, 0) >= $BM$2, IFERROR($S90, 0) >= $BN$2), ROUND(IFERROR(($S90 / $BO$2) * 100, ""), 2), "")) | BC90: 46044 | BD90: 4410896.3 | BF90: 46044 | BG90: 5560868.5
A91: 44012 | B91: 64921.08 | C91: 6 | D91: =(B91-B90)/B90 -> 0 | Q91: 44012 | R91: 23098.614 | S91: 59 | T91: =(R91-R90)/R90 -> 0.056966369 | AR91: =A91 -> 44012 | AS91: =B91*C91 -> 389526.48 | AT91: =IF(AND(IFERROR($AS91, 0) >= $BI$2, IFERROR($C91, 0) >= $BJ$2), IFERROR(($C91 / $BK$2) * 100, ""), "") | AU91: =Q91 -> 44012 | AV91: =R91*S91 -> 1362818.2 | AW91: =IF(OR(ROW()=731, ROW()=729), "", IF(AND(IFERROR($AV91, 0) >= $BM$2, IFERROR($S91, 0) >= $BN$2), ROUND(IFERROR(($S91 / $BO$2) * 100, ""), 2), "")) | BC91: 46045 | BD91: 752740.39 | BF91: 46045 | BG91: 1278241.9
A92: 44013 | B92: 58535.4 | C92: 31 | D92: =(B92-B91)/B91 -> -0.098360656 | Q92: 44013 | R92: 25718.457 | S92: 271 | T92: =(R92-R91)/R91 -> 0.11341991 | AR92: =A92 -> 44013 | AS92: =B92*C92 -> 1814597.4 | AT92: =IF(AND(IFERROR($AS92, 0) >= $BI$2, IFERROR($C92, 0) >= $BJ$2), IFERROR(($C92 / $BK$2) * 100, ""), "") | AU92: =Q92 -> 44013 | AV92: =R92*S92 -> 6969701.8 | AW92: =IF(OR(ROW()=731, ROW()=729), "", IF(AND(IFERROR($AV92, 0) >= $BM$2, IFERROR($S92, 0) >= $BN$2), ROUND(IFERROR(($S92 / $BO$2) * 100, ""), 2), "")) | BC92: 46048 | BD92: 1016407.9 | BF92: 46048 | BG92: 3079754.1
